{"type":"FeatureCollection", "features": [
{"type":"Feature","geometry":{"type":"Polygon","coordinates":[[[8.027,45.403],[8.022,45.4225],[8.0385,45.4415],[8.0195,45.453],[7.9685,45.4745],[7.9665,45.482],[7.9195,45.509],[7.9235,45.5215],[7.885,45.5305],[7.902,45.5585],[7.896,45.59],[7.8775,45.6],[7.849,45.6025],[7.7955,45.5865],[7.7855,45.575],[7.7325,45.5505],[7.7165,45.559],[7.677,45.552],[7.646,45.569],[7.609,45.563],[7.599,45.5785],[7.5655,45.5915],[7.5325,45.577],[7.499,45.583],[7.471,45.5775],[7.448,45.5555],[7.422,45.546],[7.3755,45.5165],[7.364,45.525],[7.323,45.5145],[7.2695,45.5145],[7.2635,45.4985],[7.2475,45.494],[7.2305,45.4755],[7.1575,45.4865],[7.141,45.481],[7.141,45.511],[7.1215,45.506],[7.1135,45.473],[7.1045,45.467],[7.1015,45.454],[7.1145,45.4335],[7.1525,45.4225],[7.1825,45.401],[7.1635,45.382],[7.1595,45.3595],[7.1385,45.351],[7.126,45.3275],[7.1095,45.3275],[7.1215,45.2985],[7.1355,45.2825],[7.137,45.2555],[7.107,45.2435],[7.067,45.2105],[7.051,45.2255],[7.03,45.2165],[7.0065,45.2175],[6.9605,45.203],[6.967,45.195],[6.932,45.171],[6.8935,45.169],[6.8845,45.1575],[6.898,45.1415],[6.8505,45.1275],[6.813,45.1485],[6.769,45.16],[6.74,45.137],[6.712,45.145],[6.68,45.1405],[6.673,45.1245],[6.6335,45.115],[6.6275,45.102],[6.6615,45.0715],[6.6655,45.0315],[6.6755,45.0195],[6.726,45.0215],[6.743,45.016],[6.7505,44.978],[6.765,44.959],[6.746,44.9385],[6.75,44.9075],[6.771,44.903],[6.809,44.8755],[6.863,44.8505],[6.913,44.845],[6.9315,44.8635],[6.9695,44.8465],[7.0065,44.8395],[7.024,44.8235],[7,44.789],[7.019,44.776],[7.0235,44.7395],[7.041,44.7195],[7.0655,44.714],[7.087,44.715],[7.1205,44.726],[7.128,44.738],[7.1495,44.7435],[7.159,44.7605],[7.1925,44.7595],[7.296,44.782],[7.3445,44.783],[7.351,44.7515],[7.368,44.7595],[7.437,44.7665],[7.47,44.756],[7.529,44.7825],[7.544,44.7975],[7.595,44.811],[7.5935,44.834],[7.6535,44.8315],[7.685,44.81],[7.711,44.817],[7.7605,44.816],[7.7815,44.843],[7.832,44.8405],[7.9025,44.8215],[7.9105,44.8315],[7.9435,44.8465],[7.9095,44.886],[7.9205,44.893],[7.9155,44.917],[7.8925,44.915],[7.8835,44.936],[7.9005,44.9405],[7.902,44.966],[7.9285,44.983],[7.9345,45.0005],[7.916,45.003],[7.9215,45.0235],[7.954,45.0295],[7.958,45.042],[7.94,45.0555],[7.893,45.06],[7.896,45.095],[7.9175,45.0755],[7.942,45.0865],[7.9285,45.1045],[7.9805,45.124],[8.047,45.128],[8.048,45.108],[8.075,45.0975],[8.0995,45.129],[8.129,45.123],[8.1435,45.144],[8.1395,45.16],[8.152,45.1685],[8.095,45.1875],[8.055,45.1825],[8.045,45.1995],[8.0055,45.2155],[7.991,45.229],[7.987,45.2615],[7.99,45.3075],[7.9645,45.331],[7.958,45.345],[7.99,45.3455],[8.0215,45.33],[8.0245,45.363],[8.012,45.3675],[8.009,45.398],[8.027,45.403]]]},"properties":{"prov_name":"Torino","prov_acr":"TO","reg_name":"Piemonte"}},
{"type":"Feature","geometry":{"type":"Polygon","coordinates":[[[7.864,45.9165],[7.869,45.8675],[7.876,45.8615],[7.864,45.8395],[7.863,45.791],[7.9,45.749],[7.929,45.7425],[7.9365,45.7245],[7.9555,45.7185],[8.001,45.72],[8.0215,45.7375],[8.059,45.7405],[8.096,45.7375],[8.123,45.757],[8.155,45.75],[8.181,45.752],[8.184,45.729],[8.201,45.7255],[8.2235,45.7065],[8.27,45.682],[8.3095,45.6555],[8.3125,45.6315],[8.278,45.612],[8.255,45.6085],[8.2715,45.584],[8.2765,45.5635],[8.2965,45.5535],[8.2775,45.532],[8.263,45.5015],[8.2305,45.477],[8.218,45.454],[8.1855,45.4495],[8.1615,45.4245],[8.123,45.376],[8.0695,45.3885],[8.027,45.403],[8.009,45.398],[8.012,45.3675],[8.0245,45.363],[8.0215,45.33],[7.99,45.3455],[7.958,45.345],[7.9645,45.331],[7.99,45.3075],[7.987,45.2615],[7.991,45.229],[8.0055,45.2155],[8.045,45.1995],[8.055,45.1825],[8.095,45.1875],[8.152,45.1685],[8.2025,45.178],[8.2155,45.164],[8.2665,45.1805],[8.2945,45.173],[8.344,45.173],[8.3625,45.1975],[8.4045,45.2045],[8.44,45.195],[8.4715,45.2045],[8.496,45.1985],[8.507,45.174],[8.5365,45.1755],[8.548,45.168],[8.544,45.1815],[8.557,45.205],[8.5255,45.2195],[8.546,45.242],[8.516,45.2865],[8.5,45.297],[8.5135,45.3135],[8.494,45.312],[8.463,45.327],[8.4735,45.3435],[8.4995,45.348],[8.496,45.374],[8.4585,45.382],[8.433,45.4095],[8.4055,45.4175],[8.4005,45.4915],[8.403,45.531],[8.39,45.619],[8.3715,45.636],[8.3545,45.638],[8.3455,45.656],[8.317,45.6915],[8.32,45.704],[8.3655,45.7075],[8.384,45.6965],[8.378,45.7385],[8.353,45.759],[8.35,45.7725],[8.318,45.767],[8.3165,45.795],[8.3355,45.844],[8.2875,45.89],[8.2635,45.9065],[8.2395,45.9105],[8.2145,45.924],[8.1985,45.95],[8.1805,45.949],[8.154,45.934],[8.108,45.9305],[8.086,45.9225],[8.065,45.935],[8.012,45.926],[7.997,45.9145],[7.9625,45.901],[7.9305,45.9185],[7.9065,45.926],[7.877,45.9265],[7.864,45.9165]]]},"properties":{"prov_name":"Vercelli","prov_acr":"VC","reg_name":"Piemonte"}},
{"type":"Feature","geometry":{"type":"Polygon","coordinates":[[[8.594,45.828],[8.562,45.8375],[8.5,45.834],[8.498,45.8475],[8.475,45.856],[8.4585,45.874],[8.4385,45.8455],[8.3775,45.8385],[8.375,45.784],[8.35,45.7725],[8.353,45.759],[8.378,45.7385],[8.384,45.6965],[8.3655,45.7075],[8.32,45.704],[8.317,45.6915],[8.3455,45.656],[8.3545,45.638],[8.3715,45.636],[8.39,45.619],[8.403,45.531],[8.4005,45.4915],[8.4055,45.4175],[8.433,45.4095],[8.4585,45.382],[8.496,45.374],[8.4995,45.348],[8.4735,45.3435],[8.463,45.327],[8.494,45.312],[8.5135,45.3135],[8.5385,45.3195],[8.5265,45.342],[8.5505,45.355],[8.579,45.347],[8.612,45.3545],[8.6555,45.3255],[8.6665,45.292],[8.697,45.2945],[8.716,45.303],[8.7265,45.333],[8.7625,45.35],[8.7465,45.3565],[8.7485,45.3745],[8.7655,45.389],[8.7935,45.379],[8.8105,45.389],[8.843,45.394],[8.81,45.446],[8.7895,45.462],[8.791,45.4785],[8.7605,45.497],[8.728,45.5025],[8.713,45.52],[8.7195,45.531],[8.707,45.5585],[8.6945,45.576],[8.703,45.6],[8.665,45.6315],[8.6885,45.64],[8.6635,45.6745],[8.641,45.677],[8.6545,45.708],[8.646,45.722],[8.594,45.7305],[8.583,45.7485],[8.5555,45.775],[8.5525,45.788],[8.5635,45.807],[8.594,45.828]]]},"properties":{"prov_name":"Novara","prov_acr":"NO","reg_name":"Piemonte"}},
{"type":"Feature","geometry":{"type":"Polygon","coordinates":[[[7.0655,44.714],[7.076,44.684],[7.0625,44.68],[7.0305,44.6915],[6.987,44.6895],[6.9475,44.6525],[6.955,44.622],[6.933,44.5925],[6.9335,44.575],[6.9145,44.559],[6.877,44.553],[6.8535,44.528],[6.8755,44.4825],[6.9065,44.468],[6.912,44.452],[6.9345,44.43],[6.9255,44.4225],[6.8935,44.421],[6.896,44.372],[6.889,44.361],[6.922,44.3515],[6.927,44.333],[6.96,44.312],[6.9565,44.298],[6.97,44.2855],[6.995,44.2805],[6.9965,44.2505],[7.0055,44.2375],[7.0335,44.2245],[7.0685,44.2335],[7.0865,44.2295],[7.1415,44.201],[7.1635,44.208],[7.1885,44.199],[7.2195,44.1685],[7.236,44.175],[7.2485,44.158],[7.279,44.1415],[7.2865,44.1455],[7.3435,44.1455],[7.3555,44.117],[7.3925,44.1255],[7.426,44.114],[7.428,44.1305],[7.46,44.126],[7.497,44.142],[7.5215,44.138],[7.535,44.1475],[7.565,44.1525],[7.6175,44.15],[7.6325,44.1735],[7.645,44.178],[7.6845,44.174],[7.6725,44.1595],[7.6785,44.1465],[7.667,44.1335],[7.672,44.1205],[7.713,44.088],[7.7145,44.0615],[7.728,44.0605],[7.74,44.0775],[7.7195,44.1045],[7.723,44.121],[7.746,44.1355],[7.775,44.14],[7.8155,44.123],[7.866,44.118],[7.884,44.1045],[7.926,44.1105],[7.937,44.0995],[7.9715,44.113],[8.0045,44.1025],[8.0155,44.1105],[8.0065,44.1255],[7.979,44.1335],[8.0095,44.1555],[8.029,44.154],[8.043,44.143],[8.0675,44.1445],[8.0735,44.1585],[8.094,44.1755],[8.088,44.203],[8.0655,44.217],[8.0805,44.2415],[8.063,44.253],[8.0885,44.2745],[8.0595,44.3005],[8.076,44.314],[8.102,44.301],[8.107,44.333],[8.1345,44.332],[8.1485,44.355],[8.1415,44.368],[8.1495,44.385],[8.1865,44.3955],[8.2035,44.405],[8.222,44.4295],[8.1965,44.4635],[8.1975,44.4775],[8.2185,44.482],[8.224,44.514],[8.253,44.5285],[8.236,44.563],[8.2455,44.5695],[8.2175,44.615],[8.1965,44.616],[8.1945,44.6285],[8.2245,44.66],[8.2235,44.673],[8.266,44.7085],[8.2575,44.721],[8.2095,44.732],[8.2045,44.7495],[8.182,44.749],[8.1785,44.7365],[8.152,44.713],[8.133,44.7465],[8.0975,44.757],[8.13,44.7815],[8.1305,44.81],[8.0935,44.8215],[8.0785,44.8085],[8.0555,44.811],[8.0455,44.7995],[8.026,44.816],[7.9945,44.818],[7.979,44.847],[7.9645,44.8565],[7.9435,44.8465],[7.9105,44.8315],[7.9025,44.8215],[7.832,44.8405],[7.7815,44.843],[7.7605,44.816],[7.711,44.817],[7.685,44.81],[7.6535,44.8315],[7.5935,44.834],[7.595,44.811],[7.544,44.7975],[7.529,44.7825],[7.47,44.756],[7.437,44.7665],[7.368,44.7595],[7.351,44.7515],[7.3445,44.783],[7.296,44.782],[7.1925,44.7595],[7.159,44.7605],[7.1495,44.7435],[7.128,44.738],[7.1205,44.726],[7.087,44.715],[7.0655,44.714]]]},"properties":{"prov_name":"Cuneo","prov_acr":"CN","reg_name":"Piemonte"}},
{"type":"Feature","geometry":{"type":"Polygon","coordinates":[[[7.9805,45.124],[7.9285,45.1045],[7.942,45.0865],[7.9175,45.0755],[7.896,45.095],[7.893,45.06],[7.94,45.0555],[7.958,45.042],[7.954,45.0295],[7.9215,45.0235],[7.916,45.003],[7.9345,45.0005],[7.9285,44.983],[7.902,44.966],[7.9005,44.9405],[7.8835,44.936],[7.8925,44.915],[7.9155,44.917],[7.9205,44.893],[7.9095,44.886],[7.9435,44.8465],[7.9645,44.8565],[7.979,44.847],[7.9945,44.818],[8.026,44.816],[8.0455,44.7995],[8.0555,44.811],[8.0785,44.8085],[8.0935,44.8215],[8.1305,44.81],[8.13,44.7815],[8.0975,44.757],[8.133,44.7465],[8.152,44.713],[8.1785,44.7365],[8.182,44.749],[8.2045,44.7495],[8.2095,44.732],[8.2575,44.721],[8.266,44.7085],[8.2235,44.673],[8.2245,44.66],[8.1945,44.6285],[8.1965,44.616],[8.2175,44.615],[8.2455,44.5695],[8.236,44.563],[8.253,44.5285],[8.2615,44.5195],[8.2825,44.536],[8.282,44.55],[8.298,44.5635],[8.3165,44.558],[8.369,44.575],[8.314,44.603],[8.327,44.621],[8.3525,44.6335],[8.355,44.6735],[8.3485,44.6935],[8.372,44.695],[8.393,44.6865],[8.4205,44.6925],[8.422,44.733],[8.447,44.741],[8.464,44.755],[8.4805,44.752],[8.502,44.786],[8.4795,44.807],[8.458,44.805],[8.4205,44.8195],[8.4235,44.8495],[8.398,44.842],[8.376,44.8465],[8.378,44.865],[8.391,44.875],[8.3685,44.8955],[8.3605,44.923],[8.3805,44.9245],[8.378,44.958],[8.3875,44.969],[8.378,44.985],[8.3515,44.998],[8.36,45.014],[8.347,45.0335],[8.3335,45.0335],[8.3225,45.052],[8.305,45.0595],[8.3025,45.077],[8.2755,45.0615],[8.2415,45.0635],[8.2285,45.0495],[8.2345,45.0375],[8.219,45.014],[8.188,45.0435],[8.169,45.032],[8.151,45.0375],[8.15,45.0535],[8.1185,45.0715],[8.1135,45.107],[8.129,45.123],[8.0995,45.129],[8.075,45.0975],[8.048,45.108],[8.011,45.1025],[7.9805,45.124]]]},"properties":{"prov_name":"Asti","prov_acr":"AT","reg_name":"Piemonte"}},
{"type":"Feature","geometry":{"type":"Polygon","coordinates":[[[8.129,45.123],[8.1135,45.107],[8.1185,45.0715],[8.15,45.0535],[8.151,45.0375],[8.169,45.032],[8.188,45.0435],[8.219,45.014],[8.2345,45.0375],[8.2285,45.0495],[8.2415,45.0635],[8.2755,45.0615],[8.3025,45.077],[8.305,45.0595],[8.3225,45.052],[8.3335,45.0335],[8.347,45.0335],[8.36,45.014],[8.3515,44.998],[8.378,44.985],[8.3875,44.969],[8.378,44.958],[8.3805,44.9245],[8.3605,44.923],[8.3685,44.8955],[8.391,44.875],[8.378,44.865],[8.376,44.8465],[8.398,44.842],[8.4235,44.8495],[8.4205,44.8195],[8.458,44.805],[8.4795,44.807],[8.502,44.786],[8.4805,44.752],[8.464,44.755],[8.447,44.741],[8.422,44.733],[8.4205,44.6925],[8.393,44.6865],[8.372,44.695],[8.3485,44.6935],[8.355,44.6735],[8.3525,44.6335],[8.327,44.621],[8.314,44.603],[8.369,44.575],[8.3165,44.558],[8.298,44.5635],[8.282,44.55],[8.2825,44.536],[8.2615,44.5195],[8.2715,44.507],[8.3045,44.5025],[8.321,44.4885],[8.35,44.485],[8.3585,44.465],[8.3945,44.48],[8.404,44.509],[8.4495,44.4975],[8.453,44.51],[8.5145,44.51],[8.535,44.5135],[8.56,44.503],[8.576,44.509],[8.6135,44.5465],[8.601,44.568],[8.62,44.5765],[8.667,44.5825],[8.6815,44.575],[8.721,44.58],[8.733,44.5705],[8.7675,44.525],[8.7825,44.4885],[8.7965,44.5],[8.795,44.522],[8.8245,44.5385],[8.827,44.562],[8.895,44.5555],[8.9175,44.561],[8.9045,44.621],[8.8825,44.639],[8.9085,44.647],[8.928,44.6745],[8.9595,44.676],[8.9725,44.6635],[9.013,44.667],[9.0535,44.621],[9.076,44.6235],[9.1045,44.6065],[9.113,44.581],[9.1525,44.574],[9.1835,44.5915],[9.199,44.593],[9.203,44.6135],[9.1985,44.649],[9.2065,44.66],[9.2005,44.6865],[9.2085,44.703],[9.203,44.722],[9.2135,44.7525],[9.194,44.757],[9.1715,44.7715],[9.1735,44.796],[9.155,44.8095],[9.109,44.8055],[9.0815,44.8145],[9.0515,44.846],[9.07,44.866],[9.0555,44.889],[9.0305,44.8885],[9.008,44.903],[8.988,44.931],[8.9695,44.9435],[8.978,44.967],[8.9485,44.9885],[8.925,44.9835],[8.9015,45.008],[8.905,45.026],[8.898,45.0505],[8.881,45.054],[8.824,45.0465],[8.8025,45.026],[8.751,45.0205],[8.671,45.027],[8.6345,45.041],[8.647,45.0555],[8.637,45.0665],[8.6355,45.089],[8.6085,45.1085],[8.611,45.1235],[8.5885,45.1355],[8.58,45.1525],[8.548,45.168],[8.5365,45.1755],[8.507,45.174],[8.496,45.1985],[8.4715,45.2045],[8.44,45.195],[8.4045,45.2045],[8.3625,45.1975],[8.344,45.173],[8.2945,45.173],[8.2665,45.1805],[8.2155,45.164],[8.2025,45.178],[8.152,45.1685],[8.1395,45.16],[8.1435,45.144],[8.129,45.123]]]},"properties":{"prov_name":"Alessandria","prov_acr":"AL","reg_name":"Piemonte"}},
{"type":"Feature","geometry":{"type":"Polygon","coordinates":[[[8.027,45.403],[8.0695,45.3885],[8.123,45.376],[8.1615,45.4245],[8.1855,45.4495],[8.218,45.454],[8.2305,45.477],[8.263,45.5015],[8.2775,45.532],[8.2965,45.5535],[8.2765,45.5635],[8.2715,45.584],[8.255,45.6085],[8.278,45.612],[8.3125,45.6315],[8.3095,45.6555],[8.27,45.682],[8.2235,45.7065],[8.201,45.7255],[8.184,45.729],[8.181,45.752],[8.155,45.75],[8.123,45.757],[8.096,45.7375],[8.059,45.7405],[8.0215,45.7375],[8.001,45.72],[7.9555,45.7185],[7.9365,45.7245],[7.905,45.682],[7.9395,45.6435],[7.916,45.633],[7.8965,45.6115],[7.896,45.59],[7.902,45.5585],[7.885,45.5305],[7.9235,45.5215],[7.9195,45.509],[7.9665,45.482],[7.9685,45.4745],[8.0195,45.453],[8.0385,45.4415],[8.022,45.4225],[8.027,45.403]]]},"properties":{"prov_name":"Biella","prov_acr":"BI","reg_name":"Piemonte"}},
{"type":"Feature","geometry":{"type":"Polygon","coordinates":[[[8.715,46.098],[8.6585,46.1125],[8.6475,46.123],[8.6115,46.122],[8.595,46.142],[8.603,46.154],[8.573,46.165],[8.5695,46.177],[8.5405,46.1975],[8.5325,46.218],[8.469,46.2335],[8.456,46.2635],[8.4275,46.2985],[8.444,46.3195],[8.4645,46.333],[8.4685,46.365],[8.461,46.3865],[8.4685,46.4115],[8.4575,46.4225],[8.466,46.443],[8.4455,46.4635],[8.356,46.4475],[8.3395,46.433],[8.3005,46.4195],[8.2895,46.4085],[8.317,46.397],[8.312,46.3765],[8.2635,46.3635],[8.2645,46.3515],[8.2235,46.3335],[8.2115,46.309],[8.1615,46.296],[8.1375,46.3015],[8.0815,46.258],[8.11,46.2495],[8.125,46.2295],[8.139,46.226],[8.1535,46.1915],[8.1645,46.1835],[8.1495,46.1595],[8.1435,46.1365],[8.115,46.1305],[8.108,46.1115],[8.033,46.0985],[8.0225,46.068],[8.0345,46.0455],[8.013,46.032],[8.012,46.012],[7.989,45.9965],[7.909,45.9975],[7.878,45.9725],[7.877,45.9265],[7.9065,45.926],[7.9305,45.9185],[7.9625,45.901],[7.997,45.9145],[8.012,45.926],[8.065,45.935],[8.086,45.9225],[8.108,45.9305],[8.154,45.934],[8.1805,45.949],[8.1985,45.95],[8.2145,45.924],[8.2395,45.9105],[8.2635,45.9065],[8.2875,45.89],[8.3355,45.844],[8.3165,45.795],[8.318,45.767],[8.35,45.7725],[8.375,45.784],[8.3775,45.8385],[8.4385,45.8455],[8.4585,45.874],[8.475,45.856],[8.498,45.8475],[8.5,45.834],[8.562,45.8375],[8.594,45.828],[8.5945,45.845],[8.5695,45.894],[8.588,45.917],[8.6825,45.987],[8.7195,46.011],[8.729,46.029],[8.7055,46.0815],[8.715,46.098]]]},"properties":{"prov_name":"Verbano-Cusio-Ossola","prov_acr":"VB","reg_name":"Piemonte"}},
{"type":"Feature","geometry":{"type":"Polygon","coordinates":[[[7.864,45.9165],[7.8195,45.9265],[7.801,45.9175],[7.7685,45.937],[7.7475,45.938],[7.7345,45.9235],[7.7075,45.934],[7.71,45.9475],[7.68,45.958],[7.658,45.9765],[7.639,45.9705],[7.584,45.972],[7.578,45.9865],[7.5505,45.986],[7.538,45.955],[7.5025,45.9605],[7.478,45.9525],[7.4745,45.936],[7.4445,45.9315],[7.4315,45.9185],[7.382,45.897],[7.344,45.9155],[7.3295,45.9105],[7.2905,45.9205],[7.277,45.901],[7.2595,45.8905],[7.2165,45.889],[7.1905,45.8585],[7.154,45.8795],[7.1185,45.8595],[7.1015,45.859],[7.095,45.876],[7.065,45.9],[7.0455,45.9225],[7.0185,45.9145],[7.0045,45.9],[6.9995,45.874],[6.9505,45.859],[6.9395,45.847],[6.8955,45.843],[6.874,45.846],[6.866,45.834],[6.8425,45.842],[6.8185,45.836],[6.8095,45.821],[6.812,45.797],[6.8015,45.7815],[6.8055,45.748],[6.8175,45.7395],[6.809,45.725],[6.828,45.704],[6.8695,45.6805],[6.8935,45.676],[6.93,45.647],[6.961,45.655],[7,45.6405],[6.9845,45.6255],[6.978,45.589],[6.995,45.576],[6.9895,45.563],[6.9995,45.5045],[7.055,45.493],[7.048,45.4725],[7.0755,45.474],[7.1045,45.467],[7.1135,45.473],[7.1215,45.506],[7.141,45.511],[7.141,45.481],[7.1575,45.4865],[7.2305,45.4755],[7.2475,45.494],[7.2635,45.4985],[7.2695,45.5145],[7.323,45.5145],[7.364,45.525],[7.3755,45.5165],[7.422,45.546],[7.448,45.5555],[7.471,45.5775],[7.499,45.583],[7.5325,45.577],[7.5655,45.5915],[7.599,45.5785],[7.609,45.563],[7.646,45.569],[7.677,45.552],[7.7165,45.559],[7.7325,45.5505],[7.7855,45.575],[7.7955,45.5865],[7.849,45.6025],[7.8775,45.6],[7.896,45.59],[7.8965,45.6115],[7.916,45.633],[7.9395,45.6435],[7.905,45.682],[7.9365,45.7245],[7.929,45.7425],[7.9,45.749],[7.863,45.791],[7.864,45.8395],[7.876,45.8615],[7.869,45.8675],[7.864,45.9165]]]},"properties":{"prov_name":"Valle d'Aosta/Vallée d'Aoste","prov_acr":"AO","reg_name":"Valle d'Aosta/Vallée d'Aoste"}},
{"type":"Feature","geometry":{"type":"Polygon","coordinates":[[[8.594,45.828],[8.5635,45.807],[8.5525,45.788],[8.5555,45.775],[8.583,45.7485],[8.594,45.7305],[8.646,45.722],[8.6545,45.708],[8.641,45.677],[8.6635,45.6745],[8.6885,45.64],[8.665,45.6315],[8.703,45.6],[8.6945,45.576],[8.707,45.5585],[8.7295,45.561],[8.7425,45.5715],[8.7825,45.5865],[8.786,45.6025],[8.8065,45.6015],[8.837,45.5685],[8.874,45.581],[8.868,45.592],[8.9225,45.6115],[8.9465,45.641],[8.9655,45.63],[8.9675,45.6085],[9.003,45.578],[9.027,45.586],[9.046,45.5775],[9.0645,45.582],[9.053,45.623],[9.0555,45.6465],[9.0355,45.6425],[8.992,45.6475],[8.985,45.6705],[8.929,45.6535],[8.9055,45.6855],[8.932,45.697],[8.951,45.731],[8.9005,45.785],[8.9085,45.7935],[8.897,45.813],[8.9125,45.8305],[8.9155,45.8435],[8.9345,45.862],[8.9245,45.906],[8.894,45.93],[8.8945,45.9585],[8.868,45.9605],[8.8315,45.988],[8.7955,45.992],[8.792,46.005],[8.806,46.0215],[8.828,46.0335],[8.8545,46.0615],[8.852,46.0755],[8.8155,46.0975],[8.7835,46.094],[8.757,46.104],[8.7425,46.122],[8.715,46.098],[8.7055,46.0815],[8.729,46.029],[8.7195,46.011],[8.6825,45.987],[8.588,45.917],[8.5695,45.894],[8.5945,45.845],[8.594,45.828]],[[8.6975,45.8445],[8.706,45.831],[8.691,45.813],[8.672,45.814],[8.66,45.8275],[8.6975,45.8445]]]},"properties":{"prov_name":"Varese","prov_acr":"VA","reg_name":"Lombardia"}},
{"type":"Feature","geometry":{"type":"Polygon","coordinates":[[[8.9125,45.8305],[8.897,45.813],[8.9085,45.7935],[8.9005,45.785],[8.951,45.731],[8.932,45.697],[8.9055,45.6855],[8.929,45.6535],[8.985,45.6705],[8.992,45.6475],[9.0355,45.6425],[9.0555,45.6465],[9.067,45.685],[9.0885,45.6855],[9.103,45.697],[9.138,45.6945],[9.1795,45.6635],[9.1945,45.6675],[9.1955,45.6985],[9.204,45.709],[9.2315,45.7175],[9.247,45.7425],[9.2565,45.751],[9.2435,45.7665],[9.2585,45.7925],[9.287,45.809],[9.2855,45.823],[9.3325,45.8645],[9.3185,45.8825],[9.324,45.896],[9.2895,45.893],[9.2685,45.9255],[9.278,45.9375],[9.257,45.9535],[9.2845,45.967],[9.262,46.0265],[9.2895,46.0595],[9.3005,46.126],[9.357,46.1505],[9.411,46.15],[9.414,46.137],[9.424,46.155],[9.425,46.19],[9.441,46.2145],[9.427,46.22],[9.3895,46.2105],[9.3565,46.2195],[9.332,46.235],[9.278,46.2395],[9.2475,46.2335],[9.2215,46.23],[9.2185,46.2155],[9.2005,46.207],[9.193,46.179],[9.1605,46.171],[9.1355,46.1535],[9.121,46.1345],[9.0715,46.1195],[9.089,46.09],[9.0735,46.0625],[9.0495,46.0625],[9.0165,46.049],[9.009,46.027],[9.0225,46.0165],[9.0225,45.9925],[8.9885,45.9725],[9.014,45.96],[9.0195,45.9285],[9.042,45.927],[9.0765,45.9115],[9.078,45.8855],[9.054,45.873],[9.0305,45.821],[8.9935,45.8225],[8.9495,45.8435],[8.9125,45.8305]]]},"properties":{"prov_name":"Como","prov_acr":"CO","reg_name":"Lombardia"}},
{"type":"Feature","geometry":{"type":"Polygon","coordinates":[[[9.527,46.0115],[9.577,46.02],[9.6005,46.032],[9.604,46.0435],[9.634,46.047],[9.6435,46.06],[9.6885,46.055],[9.7095,46.064],[9.7375,46.058],[9.7675,46.064],[9.7915,46.054],[9.8285,46.05],[9.8365,46.044],[9.908,46.0465],[9.91,46.0575],[9.941,46.0665],[9.9845,46.0665],[10.011,46.0725],[10.0355,46.088],[10.096,46.0915],[10.0925,46.0695],[10.106,46.0515],[10.1235,46.061],[10.1695,46.057],[10.182,46.08],[10.1645,46.1065],[10.172,46.136],[10.1595,46.1595],[10.1805,46.1785],[10.2245,46.1865],[10.2295,46.1995],[10.2585,46.2045],[10.2945,46.223],[10.2995,46.2485],[10.3145,46.26],[10.3275,46.287],[10.371,46.293],[10.4205,46.3345],[10.465,46.3545],[10.4865,46.3485],[10.499,46.3345],[10.5155,46.343],[10.5375,46.354],[10.5665,46.378],[10.6075,46.3795],[10.6305,46.4025],[10.619,46.418],[10.622,46.448],[10.6005,46.4685],[10.577,46.4735],[10.552,46.4915],[10.4995,46.497],[10.4845,46.4935],[10.458,46.5105],[10.453,46.5305],[10.4195,46.551],[10.3975,46.544],[10.3635,46.5555],[10.337,46.5435],[10.3255,46.5515],[10.2955,46.5505],[10.2835,46.571],[10.244,46.5785],[10.2425,46.5925],[10.258,46.611],[10.239,46.635],[10.2115,46.618],[10.1905,46.626],[10.13,46.6055],[10.1015,46.61],[10.101,46.583],[10.0445,46.5365],[10.053,46.5315],[10.043,46.4795],[10.053,46.4615],[10.04,46.4455],[10.062,46.427],[10.1015,46.4225],[10.129,46.432],[10.1605,46.416],[10.164,46.391],[10.1275,46.3775],[10.1285,46.361],[10.108,46.3515],[10.1045,46.3335],[10.1165,46.3145],[10.156,46.2905],[10.1745,46.2545],[10.1455,46.2305],[10.1235,46.224],[10.0945,46.2285],[10.071,46.217],[10.048,46.232],[10.0605,46.248],[10.0555,46.263],[10.03,46.277],[9.9985,46.283],[9.9945,46.314],[9.9815,46.3225],[9.9965,46.351],[9.9645,46.3635],[9.9525,46.3795],[9.9245,46.366],[9.9065,46.381],[9.8695,46.3625],[9.8505,46.3645],[9.7775,46.335],[9.7435,46.3515],[9.723,46.3405],[9.726,46.3135],[9.7145,46.293],[9.6885,46.2935],[9.6745,46.303],[9.635,46.286],[9.61,46.2945],[9.583,46.2945],[9.537,46.3095],[9.514,46.333],[9.4935,46.3655],[9.464,46.374],[9.4685,46.3885],[9.454,46.4185],[9.459,46.4425],[9.4595,46.485],[9.4495,46.4995],[9.425,46.4895],[9.413,46.467],[9.3895,46.4735],[9.3685,46.494],[9.3645,46.5075],[9.3095,46.5045],[9.282,46.4965],[9.274,46.4835],[9.2715,46.4545],[9.2465,46.4465],[9.2495,46.431],[9.2805,46.4125],[9.2755,46.3945],[9.2815,46.359],[9.2955,46.3555],[9.3,46.3265],[9.2815,46.3095],[9.274,46.291],[9.2515,46.2655],[9.2475,46.2335],[9.278,46.2395],[9.332,46.235],[9.3565,46.2195],[9.3895,46.2105],[9.427,46.22],[9.441,46.2145],[9.425,46.19],[9.424,46.155],[9.414,46.137],[9.415,46.095],[9.4485,46.079],[9.493,46.071],[9.51,46.0625],[9.502,46.045],[9.5235,46.029],[9.527,46.0115]]]},"properties":{"prov_name":"Sondrio","prov_acr":"SO","reg_name":"Lombardia"}},
{"type":"Feature","geometry":{"type":"MultiPolygon","coordinates":[[[[8.843,45.394],[8.8505,45.367],[8.866,45.3595],[8.866,45.343],[8.91,45.333],[8.9235,45.317],[8.944,45.3135],[8.9445,45.2915],[8.983,45.265],[9.015,45.2885],[8.9885,45.3215],[9.0205,45.326],[9.037,45.302],[9.0815,45.3025],[9.141,45.3095],[9.158,45.298],[9.178,45.2995],[9.1925,45.312],[9.2015,45.335],[9.219,45.326],[9.246,45.3245],[9.283,45.3315],[9.309,45.328],[9.339,45.313],[9.3545,45.321],[9.3805,45.319],[9.3585,45.3425],[9.373,45.3865],[9.385,45.3995],[9.407,45.394],[9.4255,45.424],[9.4145,45.435],[9.4175,45.4515],[9.451,45.4695],[9.4665,45.45],[9.484,45.4485],[9.5005,45.4915],[9.519,45.5045],[9.5495,45.51],[9.527,45.5415],[9.5255,45.563],[9.5385,45.5825],[9.5175,45.6245],[9.496,45.6395],[9.4815,45.597],[9.4045,45.575],[9.3895,45.5605],[9.352,45.555],[9.322,45.557],[9.324,45.539],[9.305,45.5365],[9.2775,45.545],[9.246,45.5635],[9.227,45.566],[9.2165,45.578],[9.1935,45.5765],[9.1705,45.593],[9.145,45.5835],[9.1015,45.5885],[9.0985,45.6085],[9.1095,45.621],[9.053,45.623],[9.0645,45.582],[9.046,45.5775],[9.027,45.586],[9.003,45.578],[8.9675,45.6085],[8.9655,45.63],[8.9465,45.641],[8.9225,45.6115],[8.868,45.592],[8.874,45.581],[8.837,45.5685],[8.8065,45.6015],[8.786,45.6025],[8.7825,45.5865],[8.7425,45.5715],[8.7295,45.561],[8.707,45.5585],[8.7195,45.531],[8.713,45.52],[8.728,45.5025],[8.7605,45.497],[8.791,45.4785],[8.7895,45.462],[8.81,45.446],[8.843,45.394]]],[[[9.5315,45.1655],[9.527,45.1805],[9.4985,45.186],[9.4705,45.2015],[9.4385,45.1875],[9.457,45.1835],[9.466,45.169],[9.488,45.1615],[9.5315,45.1655]]]]},"properties":{"prov_name":"Milano","prov_acr":"MI","reg_name":"Lombardia"}},
{"type":"Feature","geometry":{"type":"Polygon","coordinates":[[[9.519,45.5045],[9.54,45.4885],[9.548,45.461],[9.5775,45.46],[9.592,45.474],[9.6085,45.4755],[9.62,45.456],[9.6505,45.454],[9.662,45.437],[9.682,45.441],[9.7085,45.4825],[9.72,45.482],[9.7615,45.4565],[9.7795,45.431],[9.8045,45.4235],[9.8145,45.4405],[9.848,45.451],[9.858,45.434],[9.8895,45.4275],[9.89,45.4685],[9.863,45.497],[9.8535,45.54],[9.838,45.5505],[9.8505,45.603],[9.8645,45.61],[9.8875,45.6025],[9.905,45.6315],[9.9345,45.65],[9.9425,45.6655],[9.9625,45.664],[10,45.672],[10.0445,45.675],[10.0655,45.6915],[10.059,45.709],[10.0665,45.7405],[10.055,45.7645],[10.0715,45.7975],[10.101,45.8095],[10.1215,45.836],[10.146,45.852],[10.15,45.863],[10.109,45.8855],[10.096,45.908],[10.097,45.929],[10.1145,45.936],[10.1215,45.956],[10.1765,45.9715],[10.1765,45.9825],[10.206,46.0075],[10.254,46.0125],[10.262,46.021],[10.228,46.048],[10.198,46.047],[10.1695,46.057],[10.1235,46.061],[10.106,46.0515],[10.0925,46.0695],[10.096,46.0915],[10.0355,46.088],[10.011,46.0725],[9.9845,46.0665],[9.941,46.0665],[9.91,46.0575],[9.908,46.0465],[9.8365,46.044],[9.8285,46.05],[9.7915,46.054],[9.7675,46.064],[9.7375,46.058],[9.7095,46.064],[9.6885,46.055],[9.6435,46.06],[9.634,46.047],[9.604,46.0435],[9.6005,46.032],[9.577,46.02],[9.527,46.0115],[9.4915,46.0115],[9.5035,45.967],[9.537,45.957],[9.54,45.943],[9.5215,45.911],[9.5065,45.9005],[9.522,45.874],[9.471,45.859],[9.473,45.825],[9.4945,45.804],[9.4805,45.785],[9.453,45.7815],[9.4615,45.761],[9.4475,45.7315],[9.4595,45.7025],[9.451,45.6845],[9.4765,45.6695],[9.496,45.6395],[9.5175,45.6245],[9.5385,45.5825],[9.5255,45.563],[9.527,45.5415],[9.5495,45.51],[9.519,45.5045]]]},"properties":{"prov_name":"Bergamo","prov_acr":"BG","reg_name":"Lombardia"}},
{"type":"Feature","geometry":{"type":"Polygon","coordinates":[[[10.3175,45.2045],[10.3615,45.2155],[10.358,45.2405],[10.3785,45.241],[10.3905,45.2545],[10.3915,45.274],[10.4085,45.2935],[10.425,45.2965],[10.4315,45.313],[10.466,45.325],[10.468,45.36],[10.4505,45.383],[10.467,45.4065],[10.5115,45.4125],[10.5475,45.3865],[10.58,45.381],[10.6385,45.3855],[10.6545,45.416],[10.643,45.4575],[10.6285,45.602],[10.631,45.6095],[10.702,45.6725],[10.772,45.751],[10.815,45.804],[10.8345,45.818],[10.84,45.833],[10.8255,45.8375],[10.7915,45.833],[10.777,45.843],[10.7515,45.8365],[10.7355,45.8425],[10.702,45.841],[10.6755,45.8305],[10.6545,45.8325],[10.6455,45.804],[10.6005,45.803],[10.5635,45.784],[10.538,45.7855],[10.531,45.796],[10.5435,45.8185],[10.529,45.8265],[10.508,45.8235],[10.5025,45.8715],[10.491,45.8825],[10.5075,45.9055],[10.5075,45.925],[10.491,45.933],[10.483,45.952],[10.4865,45.971],[10.4535,45.9765],[10.457,46.008],[10.486,46.0295],[10.4815,46.05],[10.491,46.067],[10.517,46.08],[10.5415,46.1035],[10.551,46.125],[10.5495,46.1465],[10.565,46.167],[10.5415,46.1885],[10.551,46.207],[10.568,46.22],[10.5675,46.2325],[10.5855,46.2455],[10.5755,46.2755],[10.5595,46.283],[10.5795,46.299],[10.565,46.313],[10.5655,46.3265],[10.5155,46.343],[10.499,46.3345],[10.4865,46.3485],[10.465,46.3545],[10.4205,46.3345],[10.371,46.293],[10.3275,46.287],[10.3145,46.26],[10.2995,46.2485],[10.2945,46.223],[10.2585,46.2045],[10.2295,46.1995],[10.2245,46.1865],[10.1805,46.1785],[10.1595,46.1595],[10.172,46.136],[10.1645,46.1065],[10.182,46.08],[10.1695,46.057],[10.198,46.047],[10.228,46.048],[10.262,46.021],[10.254,46.0125],[10.206,46.0075],[10.1765,45.9825],[10.1765,45.9715],[10.1215,45.956],[10.1145,45.936],[10.097,45.929],[10.096,45.908],[10.109,45.8855],[10.15,45.863],[10.146,45.852],[10.1215,45.836],[10.101,45.8095],[10.0715,45.7975],[10.055,45.7645],[10.0665,45.7405],[10.059,45.709],[10.0655,45.6915],[10.0445,45.675],[10,45.672],[9.9625,45.664],[9.9425,45.6655],[9.9345,45.65],[9.905,45.6315],[9.8875,45.6025],[9.8645,45.61],[9.8505,45.603],[9.838,45.5505],[9.8535,45.54],[9.863,45.497],[9.89,45.4685],[9.8895,45.4275],[9.8925,45.4055],[9.8835,45.3575],[9.8985,45.338],[9.9215,45.333],[9.9675,45.313],[9.9845,45.296],[10.0295,45.277],[10.0495,45.2805],[10.0835,45.268],[10.104,45.2465],[10.126,45.247],[10.221,45.226],[10.223,45.24],[10.2665,45.251],[10.2845,45.2275],[10.3055,45.224],[10.3175,45.2045]]]},"properties":{"prov_name":"Brescia","prov_acr":"BS","reg_name":"Lombardia"}},
{"type":"Feature","geometry":{"type":"Polygon","coordinates":[[[8.843,45.394],[8.8105,45.389],[8.7935,45.379],[8.7655,45.389],[8.7485,45.3745],[8.7465,45.3565],[8.7625,45.35],[8.7265,45.333],[8.716,45.303],[8.697,45.2945],[8.6665,45.292],[8.6555,45.3255],[8.612,45.3545],[8.579,45.347],[8.5505,45.355],[8.5265,45.342],[8.5385,45.3195],[8.5135,45.3135],[8.5,45.297],[8.516,45.2865],[8.546,45.242],[8.5255,45.2195],[8.557,45.205],[8.544,45.1815],[8.548,45.168],[8.58,45.1525],[8.5885,45.1355],[8.611,45.1235],[8.6085,45.1085],[8.6355,45.089],[8.637,45.0665],[8.647,45.0555],[8.6345,45.041],[8.671,45.027],[8.751,45.0205],[8.8025,45.026],[8.824,45.0465],[8.881,45.054],[8.898,45.0505],[8.905,45.026],[8.9015,45.008],[8.925,44.9835],[8.9485,44.9885],[8.978,44.967],[8.9695,44.9435],[8.988,44.931],[9.008,44.903],[9.0305,44.8885],[9.0555,44.889],[9.07,44.866],[9.0515,44.846],[9.0815,44.8145],[9.109,44.8055],[9.155,44.8095],[9.1735,44.796],[9.1715,44.7715],[9.194,44.757],[9.2135,44.7525],[9.203,44.722],[9.2085,44.703],[9.2005,44.6865],[9.2405,44.6885],[9.2575,44.681],[9.283,44.686],[9.2985,44.681],[9.3245,44.69],[9.3085,44.7055],[9.3325,44.735],[9.286,44.7595],[9.287,44.7725],[9.317,44.784],[9.33,44.8],[9.3585,44.815],[9.3415,44.87],[9.29,44.882],[9.2875,44.934],[9.3145,44.937],[9.3475,44.9975],[9.366,45.0035],[9.376,45.0415],[9.371,45.048],[9.406,45.073],[9.4125,45.0835],[9.439,45.0935],[9.466,45.0945],[9.5015,45.1035],[9.532,45.0785],[9.5505,45.095],[9.5375,45.115],[9.5485,45.1325],[9.544,45.153],[9.5315,45.1655],[9.488,45.1615],[9.466,45.169],[9.457,45.1835],[9.4385,45.1875],[9.3785,45.232],[9.3335,45.2465],[9.3105,45.249],[9.348,45.2905],[9.3535,45.3035],[9.339,45.313],[9.309,45.328],[9.283,45.3315],[9.246,45.3245],[9.219,45.326],[9.2015,45.335],[9.1925,45.312],[9.178,45.2995],[9.158,45.298],[9.141,45.3095],[9.0815,45.3025],[9.037,45.302],[9.0205,45.326],[8.9885,45.3215],[9.015,45.2885],[8.983,45.265],[8.9445,45.2915],[8.944,45.3135],[8.9235,45.317],[8.91,45.333],[8.866,45.343],[8.866,45.3595],[8.8505,45.367],[8.843,45.394]]]},"properties":{"prov_name":"Pavia","prov_acr":"PV","reg_name":"Lombardia"}},
{"type":"Feature","geometry":{"type":"Polygon","coordinates":[[[9.8895,45.4275],[9.858,45.434],[9.848,45.451],[9.8145,45.4405],[9.8045,45.4235],[9.7795,45.431],[9.7615,45.4565],[9.72,45.482],[9.7085,45.4825],[9.682,45.441],[9.662,45.437],[9.6505,45.454],[9.62,45.456],[9.6085,45.4755],[9.592,45.474],[9.5775,45.46],[9.548,45.461],[9.54,45.4885],[9.519,45.5045],[9.5005,45.4915],[9.484,45.4485],[9.48,45.42],[9.457,45.394],[9.462,45.377],[9.4825,45.374],[9.509,45.349],[9.5515,45.339],[9.572,45.3655],[9.5905,45.3545],[9.599,45.3275],[9.616,45.2945],[9.726,45.243],[9.727,45.2245],[9.762,45.223],[9.777,45.213],[9.7535,45.185],[9.7815,45.1815],[9.7845,45.1665],[9.809,45.159],[9.823,45.164],[9.839,45.15],[9.8595,45.1525],[9.891,45.131],[9.9155,45.139],[9.9265,45.132],[9.915,45.1005],[9.9365,45.105],[9.9785,45.1335],[9.9925,45.13],[10.029,45.095],[10.0215,45.077],[10.0435,45.063],[10.0575,45.0415],[10.0835,45.044],[10.093,45.024],[10.106,45.022],[10.1475,45.0355],[10.1575,45.044],[10.194,45.028],[10.211,45.034],[10.26,45.014],[10.2745,44.998],[10.3045,44.999],[10.309,44.9875],[10.3475,44.9695],[10.3655,44.966],[10.3835,44.979],[10.417,44.9775],[10.432,44.947],[10.464,44.937],[10.4955,44.9475],[10.5065,44.97],[10.489,44.98],[10.4555,44.9825],[10.4645,45.0145],[10.5025,45.0215],[10.5395,45.055],[10.5315,45.0745],[10.498,45.075],[10.494,45.0565],[10.4605,45.0575],[10.4465,45.047],[10.412,45.046],[10.4175,45.092],[10.4665,45.0955],[10.4565,45.1155],[10.4925,45.1325],[10.4595,45.1475],[10.437,45.1355],[10.3805,45.138],[10.3645,45.1615],[10.311,45.1875],[10.3175,45.2045],[10.3055,45.224],[10.2845,45.2275],[10.2665,45.251],[10.223,45.24],[10.221,45.226],[10.126,45.247],[10.104,45.2465],[10.0835,45.268],[10.0495,45.2805],[10.0295,45.277],[9.9845,45.296],[9.9675,45.313],[9.9215,45.333],[9.8985,45.338],[9.8835,45.3575],[9.8925,45.4055],[9.8895,45.4275]]]},"properties":{"prov_name":"Cremona","prov_acr":"CR","reg_name":"Lombardia"}},
{"type":"Feature","geometry":{"type":"Polygon","coordinates":[[[10.3175,45.2045],[10.311,45.1875],[10.3645,45.1615],[10.3805,45.138],[10.437,45.1355],[10.4595,45.1475],[10.4925,45.1325],[10.4565,45.1155],[10.4665,45.0955],[10.4175,45.092],[10.412,45.046],[10.4465,45.047],[10.4605,45.0575],[10.494,45.0565],[10.498,45.075],[10.5315,45.0745],[10.5395,45.055],[10.5025,45.0215],[10.4645,45.0145],[10.4555,44.9825],[10.489,44.98],[10.5065,44.97],[10.4955,44.9475],[10.464,44.937],[10.5045,44.9225],[10.52,44.9125],[10.566,44.9085],[10.599,44.9145],[10.6305,44.929],[10.664,44.9685],[10.6865,44.9865],[10.7385,44.9855],[10.748,44.9625],[10.7435,44.949],[10.82,44.9365],[10.888,44.9145],[10.914,44.923],[10.9415,44.922],[10.994,44.954],[11.0595,44.949],[11.073,44.9625],[11.1245,44.9515],[11.1485,44.934],[11.2415,44.946],[11.246,44.9515],[11.2665,44.944],[11.3015,44.9625],[11.3295,44.9605],[11.357,44.95],[11.378,44.958],[11.4265,44.95],[11.4245,44.962],[11.338,44.9895],[11.313,45.0095],[11.2755,45.0175],[11.257,45.054],[11.2385,45.043],[11.2015,45.06],[11.1745,45.0615],[11.1875,45.0825],[11.1775,45.0975],[11.2055,45.1095],[11.189,45.11],[11.1385,45.124],[11.1275,45.103],[11.1055,45.109],[11.0935,45.096],[11.073,45.0985],[11.0285,45.123],[11.044,45.1345],[11.0285,45.159],[10.9945,45.1505],[10.998,45.185],[10.9905,45.196],[10.947,45.2055],[10.9305,45.218],[10.937,45.233],[10.9035,45.237],[10.8995,45.247],[10.8465,45.2565],[10.8165,45.294],[10.783,45.3155],[10.7375,45.287],[10.7285,45.2915],[10.7305,45.316],[10.715,45.334],[10.687,45.342],[10.6855,45.3535],[10.714,45.367],[10.7,45.375],[10.717,45.3955],[10.7125,45.4185],[10.665,45.4275],[10.6545,45.416],[10.6385,45.3855],[10.58,45.381],[10.5475,45.3865],[10.5115,45.4125],[10.467,45.4065],[10.4505,45.383],[10.468,45.36],[10.466,45.325],[10.4315,45.313],[10.425,45.2965],[10.4085,45.2935],[10.3915,45.274],[10.3905,45.2545],[10.3785,45.241],[10.358,45.2405],[10.3615,45.2155],[10.3175,45.2045]]]},"properties":{"prov_name":"Mantova","prov_acr":"MN","reg_name":"Lombardia"}},
{"type":"Feature","geometry":{"type":"Polygon","coordinates":[[[9.414,46.137],[9.411,46.15],[9.357,46.1505],[9.3005,46.126],[9.2895,46.0595],[9.262,46.0265],[9.2845,45.967],[9.257,45.9535],[9.278,45.9375],[9.2685,45.9255],[9.2895,45.893],[9.324,45.896],[9.3185,45.8825],[9.3325,45.8645],[9.2855,45.823],[9.287,45.809],[9.2585,45.7925],[9.2435,45.7665],[9.2565,45.751],[9.247,45.7425],[9.274,45.742],[9.2995,45.7105],[9.295,45.6895],[9.3155,45.664],[9.348,45.669],[9.368,45.664],[9.4145,45.6765],[9.4225,45.6565],[9.447,45.6495],[9.4765,45.6695],[9.451,45.6845],[9.4595,45.7025],[9.4475,45.7315],[9.4615,45.761],[9.453,45.7815],[9.4805,45.785],[9.4945,45.804],[9.473,45.825],[9.471,45.859],[9.522,45.874],[9.5065,45.9005],[9.5215,45.911],[9.54,45.943],[9.537,45.957],[9.5035,45.967],[9.4915,46.0115],[9.527,46.0115],[9.5235,46.029],[9.502,46.045],[9.51,46.0625],[9.493,46.071],[9.4485,46.079],[9.415,46.095],[9.414,46.137]]]},"properties":{"prov_name":"Lecco","prov_acr":"LC","reg_name":"Lombardia"}},
{"type":"Feature","geometry":{"type":"Polygon","coordinates":[[[9.891,45.131],[9.8595,45.1525],[9.839,45.15],[9.823,45.164],[9.809,45.159],[9.7845,45.1665],[9.7815,45.1815],[9.7535,45.185],[9.777,45.213],[9.762,45.223],[9.727,45.2245],[9.726,45.243],[9.616,45.2945],[9.599,45.3275],[9.5905,45.3545],[9.572,45.3655],[9.5515,45.339],[9.509,45.349],[9.4825,45.374],[9.462,45.377],[9.457,45.394],[9.48,45.42],[9.484,45.4485],[9.4665,45.45],[9.451,45.4695],[9.4175,45.4515],[9.4145,45.435],[9.4255,45.424],[9.407,45.394],[9.385,45.3995],[9.373,45.3865],[9.3585,45.3425],[9.3805,45.319],[9.3545,45.321],[9.339,45.313],[9.3535,45.3035],[9.348,45.2905],[9.3105,45.249],[9.3335,45.2465],[9.3785,45.232],[9.4385,45.1875],[9.4705,45.2015],[9.4985,45.186],[9.527,45.1805],[9.5315,45.1655],[9.544,45.153],[9.5485,45.1325],[9.5685,45.1075],[9.602,45.104],[9.6185,45.133],[9.6385,45.1245],[9.6315,45.088],[9.6595,45.082],[9.7125,45.059],[9.73,45.0635],[9.753,45.0865],[9.745,45.106],[9.7665,45.1075],[9.779,45.0895],[9.81,45.08],[9.8165,45.0545],[9.8355,45.072],[9.844,45.097],[9.8635,45.0925],[9.883,45.0745],[9.9005,45.0955],[9.8795,45.112],[9.891,45.131]]]},"properties":{"prov_name":"Lodi","prov_acr":"LO","reg_name":"Lombardia"}},
{"type":"Feature","geometry":{"type":"Polygon","coordinates":[[[9.053,45.623],[9.1095,45.621],[9.0985,45.6085],[9.1015,45.5885],[9.145,45.5835],[9.1705,45.593],[9.1935,45.5765],[9.2165,45.578],[9.227,45.566],[9.246,45.5635],[9.2775,45.545],[9.305,45.5365],[9.324,45.539],[9.322,45.557],[9.352,45.555],[9.3895,45.5605],[9.4045,45.575],[9.4815,45.597],[9.496,45.6395],[9.4765,45.6695],[9.447,45.6495],[9.4225,45.6565],[9.4145,45.6765],[9.368,45.664],[9.348,45.669],[9.3155,45.664],[9.295,45.6895],[9.2995,45.7105],[9.274,45.742],[9.247,45.7425],[9.2315,45.7175],[9.204,45.709],[9.1955,45.6985],[9.1945,45.6675],[9.1795,45.6635],[9.138,45.6945],[9.103,45.697],[9.0885,45.6855],[9.067,45.685],[9.0555,45.6465],[9.053,45.623]]]},"properties":{"prov_name":"Monza e della Brianza","prov_acr":"MB","reg_name":"Lombardia"}},
{"type":"Feature","geometry":{"type":"Polygon","coordinates":[[[10.622,46.448],[10.6845,46.4515],[10.719,46.466],[10.745,46.485],[10.765,46.486],[10.8005,46.443],[10.8615,46.436],[10.8805,46.4505],[10.9115,46.4435],[10.932,46.4535],[10.937,46.467],[10.964,46.482],[10.9885,46.4835],[11.029,46.462],[11.041,46.447],[11.0745,46.455],[11.049,46.507],[11.054,46.5165],[11.0825,46.5315],[11.0895,46.502],[11.1115,46.4975],[11.1295,46.4815],[11.1785,46.499],[11.2085,46.496],[11.2205,46.4625],[11.218,46.442],[11.205,46.427],[11.214,46.3985],[11.1915,46.36],[11.2035,46.3425],[11.163,46.291],[11.1435,46.2885],[11.167,46.262],[11.191,46.2575],[11.1745,46.2325],[11.2065,46.22],[11.249,46.233],[11.29,46.261],[11.3055,46.259],[11.311,46.2815],[11.331,46.294],[11.356,46.2765],[11.359,46.2655],[11.3975,46.265],[11.381,46.2915],[11.4045,46.325],[11.4545,46.3345],[11.477,46.364],[11.557,46.351],[11.5625,46.379],[11.5925,46.3835],[11.6195,46.425],[11.625,46.471],[11.647,46.4815],[11.6365,46.5005],[11.666,46.4975],[11.716,46.514],[11.7435,46.505],[11.7905,46.514],[11.811,46.533],[11.8285,46.509],[11.8515,46.518],[11.885,46.5225],[11.912,46.533],[11.934,46.528],[11.966,46.5445],[11.9875,46.5455],[11.9985,46.533],[12.05,46.594],[12.0455,46.608],[12.065,46.623],[12.0685,46.675],[12.106,46.659],[12.145,46.634],[12.1715,46.634],[12.1945,46.605],[12.242,46.6165],[12.261,46.629],[12.284,46.618],[12.3055,46.619],[12.316,46.63],[12.3395,46.6315],[12.36,46.6195],[12.385,46.623],[12.38,46.643],[12.4055,46.643],[12.434,46.6685],[12.4775,46.68],[12.443,46.688],[12.378,46.722],[12.351,46.777],[12.3085,46.785],[12.2835,46.7835],[12.2925,46.8025],[12.2825,46.815],[12.306,46.834],[12.2665,46.887],[12.236,46.8885],[12.215,46.874],[12.19,46.906],[12.159,46.9095],[12.155,46.9205],[12.168,46.938],[12.158,46.9505],[12.1315,46.964],[12.1365,46.983],[12.121,47.0065],[12.148,47.0245],[12.17,47.022],[12.205,47.028],[12.2165,47.0585],[12.24,47.068],[12.2255,47.0825],[12.1865,47.092],[12.161,47.0815],[12.1215,47.0745],[12.093,47.0765],[12.07,47.06],[12.0355,47.058],[12.02,47.047],[11.98,47.05],[11.9685,47.0405],[11.9155,47.0325],[11.8935,47.0185],[11.8605,47.0085],[11.836,46.993],[11.782,46.992],[11.747,46.969],[11.727,46.973],[11.711,46.993],[11.664,46.9925],[11.636,47.0025],[11.627,47.0125],[11.581,47.0015],[11.538,46.984],[11.5125,47.0045],[11.48,47.011],[11.469,46.995],[11.453,46.992],[11.442,46.9765],[11.401,46.965],[11.3585,46.9905],[11.263,46.9805],[11.2415,46.9695],[11.189,46.97],[11.1395,46.9275],[11.115,46.931],[11.095,46.9075],[11.1015,46.89],[11.0715,46.852],[11.0835,46.823],[11.04,46.805],[11.0215,46.766],[10.944,46.775],[10.915,46.774],[10.882,46.763],[10.837,46.782],[10.8135,46.7755],[10.789,46.7945],[10.756,46.785],[10.7305,46.788],[10.763,46.8235],[10.7555,46.832],[10.7235,46.8375],[10.694,46.8525],[10.697,46.8625],[10.6715,46.8705],[10.5965,46.8575],[10.5705,46.8425],[10.5505,46.85],[10.499,46.8475],[10.48,46.8585],[10.4575,46.829],[10.4485,46.8015],[10.4245,46.789],[10.4405,46.774],[10.435,46.752],[10.401,46.732],[10.4185,46.718],[10.3875,46.6875],[10.394,46.655],[10.411,46.635],[10.446,46.641],[10.489,46.615],[10.4835,46.58],[10.4725,46.5435],[10.453,46.5305],[10.458,46.5105],[10.4845,46.4935],[10.4995,46.497],[10.552,46.4915],[10.577,46.4735],[10.6005,46.4685],[10.622,46.448]]]},"properties":{"prov_name":"Bolzano/Bozen","prov_acr":"BZ","reg_name":"Trentino-Alto Adige/Südtirol"}},
{"type":"Feature","geometry":{"type":"Polygon","coordinates":[[[11.1385,45.697],[11.1385,45.7095],[11.1745,45.733],[11.1805,45.763],[11.1735,45.7865],[11.1935,45.794],[11.1885,45.812],[11.2185,45.844],[11.2395,45.856],[11.2545,45.891],[11.261,45.918],[11.3245,45.9175],[11.358,45.9255],[11.3585,45.9435],[11.3805,45.9425],[11.3725,45.973],[11.4,45.98],[11.447,45.981],[11.491,46.0085],[11.539,46.0135],[11.577,46.0065],[11.5875,45.969],[11.6305,45.9695],[11.673,45.9645],[11.6845,45.984],[11.69,45.989],[11.6665,46.017],[11.682,46.0265],[11.667,46.038],[11.7065,46.046],[11.6865,46.0665],[11.6825,46.09],[11.7035,46.0905],[11.717,46.103],[11.751,46.105],[11.8135,46.1025],[11.8195,46.108],[11.8935,46.121],[11.901,46.1365],[11.922,46.1495],[11.9285,46.176],[11.9625,46.188],[11.9395,46.199],[11.9095,46.2245],[11.925,46.243],[11.8865,46.258],[11.885,46.279],[11.8375,46.2705],[11.8265,46.285],[11.837,46.3025],[11.832,46.325],[11.803,46.333],[11.8025,46.343],[11.7745,46.358],[11.804,46.365],[11.832,46.387],[11.8505,46.4345],[11.889,46.442],[11.887,46.4645],[11.874,46.473],[11.813,46.478],[11.8155,46.5005],[11.8285,46.509],[11.811,46.533],[11.7905,46.514],[11.7435,46.505],[11.716,46.514],[11.666,46.4975],[11.6365,46.5005],[11.647,46.4815],[11.625,46.471],[11.6195,46.425],[11.5925,46.3835],[11.5625,46.379],[11.557,46.351],[11.477,46.364],[11.4545,46.3345],[11.4045,46.325],[11.381,46.2915],[11.3975,46.265],[11.359,46.2655],[11.356,46.2765],[11.331,46.294],[11.311,46.2815],[11.3055,46.259],[11.29,46.261],[11.249,46.233],[11.2065,46.22],[11.1745,46.2325],[11.191,46.2575],[11.167,46.262],[11.1435,46.2885],[11.163,46.291],[11.2035,46.3425],[11.1915,46.36],[11.214,46.3985],[11.205,46.427],[11.218,46.442],[11.2205,46.4625],[11.2085,46.496],[11.1785,46.499],[11.1295,46.4815],[11.1115,46.4975],[11.0895,46.502],[11.0825,46.5315],[11.054,46.5165],[11.049,46.507],[11.0745,46.455],[11.041,46.447],[11.029,46.462],[10.9885,46.4835],[10.964,46.482],[10.937,46.467],[10.932,46.4535],[10.9115,46.4435],[10.8805,46.4505],[10.8615,46.436],[10.8005,46.443],[10.765,46.486],[10.745,46.485],[10.719,46.466],[10.6845,46.4515],[10.622,46.448],[10.619,46.418],[10.6305,46.4025],[10.6075,46.3795],[10.5665,46.378],[10.5375,46.354],[10.5155,46.343],[10.5655,46.3265],[10.565,46.313],[10.5795,46.299],[10.5595,46.283],[10.5755,46.2755],[10.5855,46.2455],[10.5675,46.2325],[10.568,46.22],[10.551,46.207],[10.5415,46.1885],[10.565,46.167],[10.5495,46.1465],[10.551,46.125],[10.5415,46.1035],[10.517,46.08],[10.491,46.067],[10.4815,46.05],[10.486,46.0295],[10.457,46.008],[10.4535,45.9765],[10.4865,45.971],[10.483,45.952],[10.491,45.933],[10.5075,45.925],[10.5075,45.9055],[10.491,45.8825],[10.5025,45.8715],[10.508,45.8235],[10.529,45.8265],[10.5435,45.8185],[10.531,45.796],[10.538,45.7855],[10.5635,45.784],[10.6005,45.803],[10.6455,45.804],[10.6545,45.8325],[10.6755,45.8305],[10.702,45.841],[10.7355,45.8425],[10.7515,45.8365],[10.777,45.843],[10.7915,45.833],[10.8255,45.8375],[10.84,45.833],[10.8835,45.817],[10.873,45.7885],[10.885,45.778],[10.865,45.7615],[10.844,45.7185],[10.8895,45.715],[10.919,45.7005],[10.912,45.6885],[10.9375,45.6735],[10.9515,45.6845],[10.9685,45.68],[10.9975,45.697],[11.0075,45.7105],[11.0415,45.7065],[11.0575,45.7175],[11.0925,45.695],[11.1385,45.697]]]},"properties":{"prov_name":"Trento","prov_acr":"TN","reg_name":"Trentino-Alto Adige/Südtirol"}},
{"type":"Feature","geometry":{"type":"Polygon","coordinates":[[[11.487,45.266],[11.491,45.2825],[11.4405,45.303],[11.4505,45.325],[11.3945,45.348],[11.3545,45.3535],[11.3535,45.3715],[11.331,45.387],[11.346,45.3975],[11.3405,45.4215],[11.322,45.4585],[11.3285,45.4825],[11.32,45.499],[11.281,45.511],[11.2745,45.5245],[11.2515,45.542],[11.2435,45.5605],[11.2465,45.5775],[11.236,45.6],[11.2185,45.604],[11.212,45.626],[11.1765,45.621],[11.1495,45.654],[11.1565,45.6795],[11.1385,45.697],[11.0925,45.695],[11.0575,45.7175],[11.0415,45.7065],[11.0075,45.7105],[10.9975,45.697],[10.9685,45.68],[10.9515,45.6845],[10.9375,45.6735],[10.912,45.6885],[10.919,45.7005],[10.8895,45.715],[10.844,45.7185],[10.865,45.7615],[10.885,45.778],[10.873,45.7885],[10.8835,45.817],[10.84,45.833],[10.8345,45.818],[10.815,45.804],[10.772,45.751],[10.702,45.6725],[10.631,45.6095],[10.6285,45.602],[10.643,45.4575],[10.6545,45.416],[10.665,45.4275],[10.7125,45.4185],[10.717,45.3955],[10.7,45.375],[10.714,45.367],[10.6855,45.3535],[10.687,45.342],[10.715,45.334],[10.7305,45.316],[10.7285,45.2915],[10.7375,45.287],[10.783,45.3155],[10.8165,45.294],[10.8465,45.2565],[10.8995,45.247],[10.9035,45.237],[10.937,45.233],[10.9305,45.218],[10.947,45.2055],[10.9905,45.196],[10.998,45.185],[10.9945,45.1505],[11.0285,45.159],[11.044,45.1345],[11.0285,45.123],[11.073,45.0985],[11.0935,45.096],[11.1055,45.109],[11.1275,45.103],[11.1385,45.124],[11.189,45.11],[11.2055,45.1095],[11.21,45.095],[11.227,45.0835],[11.2525,45.0905],[11.315,45.0905],[11.32,45.081],[11.355,45.0705],[11.361,45.0575],[11.4005,45.053],[11.446,45.0805],[11.442,45.097],[11.417,45.1295],[11.429,45.1505],[11.409,45.175],[11.3995,45.2255],[11.405,45.2465],[11.4365,45.2585],[11.487,45.266]]]},"properties":{"prov_name":"Verona","prov_acr":"VR","reg_name":"Veneto"}},
{"type":"Feature","geometry":{"type":"Polygon","coordinates":[[[11.487,45.266],[11.5265,45.2585],[11.566,45.2615],[11.584,45.256],[11.5805,45.301],[11.5885,45.313],[11.62,45.3305],[11.6275,45.3565],[11.6115,45.375],[11.6155,45.388],[11.676,45.423],[11.71,45.4625],[11.7355,45.471],[11.7445,45.482],[11.7295,45.516],[11.7565,45.5195],[11.749,45.5365],[11.723,45.5445],[11.6575,45.54],[11.6745,45.592],[11.6445,45.596],[11.6465,45.634],[11.68,45.6405],[11.685,45.659],[11.709,45.668],[11.7135,45.6815],[11.7585,45.678],[11.8215,45.687],[11.824,45.7065],[11.814,45.7435],[11.834,45.747],[11.8185,45.787],[11.803,45.8],[11.779,45.792],[11.7535,45.815],[11.7595,45.8385],[11.7425,45.855],[11.7665,45.8695],[11.799,45.872],[11.7995,45.8805],[11.7745,45.889],[11.7875,45.9245],[11.7275,45.9365],[11.728,45.948],[11.7105,45.96],[11.716,45.9715],[11.6845,45.984],[11.673,45.9645],[11.6305,45.9695],[11.5875,45.969],[11.577,46.0065],[11.539,46.0135],[11.491,46.0085],[11.447,45.981],[11.4,45.98],[11.3725,45.973],[11.3805,45.9425],[11.3585,45.9435],[11.358,45.9255],[11.3245,45.9175],[11.261,45.918],[11.2545,45.891],[11.2395,45.856],[11.2185,45.844],[11.1885,45.812],[11.1935,45.794],[11.1735,45.7865],[11.1805,45.763],[11.1745,45.733],[11.1385,45.7095],[11.1385,45.697],[11.1565,45.6795],[11.1495,45.654],[11.1765,45.621],[11.212,45.626],[11.2185,45.604],[11.236,45.6],[11.2465,45.5775],[11.2435,45.5605],[11.2515,45.542],[11.2745,45.5245],[11.281,45.511],[11.32,45.499],[11.3285,45.4825],[11.322,45.4585],[11.3405,45.4215],[11.346,45.3975],[11.331,45.387],[11.3535,45.3715],[11.3545,45.3535],[11.3945,45.348],[11.4505,45.325],[11.4405,45.303],[11.491,45.2825],[11.487,45.266]]]},"properties":{"prov_name":"Vicenza","prov_acr":"VI","reg_name":"Veneto"}},
{"type":"Feature","geometry":{"type":"Polygon","coordinates":[[[11.7995,45.8805],[11.8255,45.908],[11.846,45.8965],[11.8465,45.8845],[11.876,45.881],[11.9005,45.889],[11.9505,45.896],[11.944,45.9125],[11.9515,45.9475],[11.9615,45.9545],[12.0325,45.9735],[12.062,45.9625],[12.094,45.982],[12.11,46.003],[12.155,46.001],[12.1775,46.0145],[12.1915,46.0045],[12.226,46.013],[12.2805,46.0485],[12.303,46.0765],[12.3225,46.082],[12.3915,46.0715],[12.4005,46.042],[12.428,46.0765],[12.4845,46.1045],[12.499,46.137],[12.4915,46.157],[12.457,46.1705],[12.4305,46.2095],[12.4075,46.207],[12.4015,46.229],[12.3765,46.223],[12.3375,46.2395],[12.321,46.2645],[12.329,46.282],[12.351,46.294],[12.3545,46.3195],[12.379,46.332],[12.4115,46.331],[12.4285,46.3515],[12.463,46.3695],[12.4605,46.3805],[12.482,46.4035],[12.4985,46.412],[12.4925,46.4245],[12.506,46.441],[12.57,46.4755],[12.606,46.464],[12.621,46.4755],[12.6625,46.469],[12.654,46.4845],[12.63,46.5005],[12.619,46.54],[12.644,46.576],[12.657,46.5725],[12.69,46.6005],[12.7045,46.6185],[12.732,46.634],[12.7145,46.6485],[12.69,46.656],[12.6425,46.652],[12.6215,46.661],[12.5705,46.651],[12.5145,46.678],[12.4775,46.68],[12.434,46.6685],[12.4055,46.643],[12.38,46.643],[12.385,46.623],[12.36,46.6195],[12.3395,46.6315],[12.316,46.63],[12.3055,46.619],[12.284,46.618],[12.261,46.629],[12.242,46.6165],[12.1945,46.605],[12.1715,46.634],[12.145,46.634],[12.106,46.659],[12.0685,46.675],[12.065,46.623],[12.0455,46.608],[12.05,46.594],[11.9985,46.533],[11.9875,46.5455],[11.966,46.5445],[11.934,46.528],[11.912,46.533],[11.885,46.5225],[11.8515,46.518],[11.8285,46.509],[11.8155,46.5005],[11.813,46.478],[11.874,46.473],[11.887,46.4645],[11.889,46.442],[11.8505,46.4345],[11.832,46.387],[11.804,46.365],[11.7745,46.358],[11.8025,46.343],[11.803,46.333],[11.832,46.325],[11.837,46.3025],[11.8265,46.285],[11.8375,46.2705],[11.885,46.279],[11.8865,46.258],[11.925,46.243],[11.9095,46.2245],[11.9395,46.199],[11.9625,46.188],[11.9285,46.176],[11.922,46.1495],[11.901,46.1365],[11.8935,46.121],[11.8195,46.108],[11.8135,46.1025],[11.751,46.105],[11.717,46.103],[11.7035,46.0905],[11.6825,46.09],[11.6865,46.0665],[11.7065,46.046],[11.667,46.038],[11.682,46.0265],[11.6665,46.017],[11.69,45.989],[11.6845,45.984],[11.716,45.9715],[11.7105,45.96],[11.728,45.948],[11.7275,45.9365],[11.7875,45.9245],[11.7745,45.889],[11.7995,45.8805]]]},"properties":{"prov_name":"Belluno","prov_acr":"BL","reg_name":"Veneto"}},
{"type":"Feature","geometry":{"type":"Polygon","coordinates":[[[11.7995,45.8805],[11.799,45.872],[11.7665,45.8695],[11.7425,45.855],[11.7595,45.8385],[11.7535,45.815],[11.779,45.792],[11.803,45.8],[11.8185,45.787],[11.834,45.747],[11.814,45.7435],[11.824,45.7065],[11.8215,45.687],[11.842,45.6835],[11.881,45.666],[11.8925,45.6345],[11.933,45.615],[11.966,45.6125],[12.0045,45.6265],[12.016,45.646],[12.074,45.6415],[12.0925,45.5985],[12.113,45.613],[12.1295,45.596],[12.145,45.595],[12.1665,45.5735],[12.194,45.5735],[12.212,45.5625],[12.2055,45.541],[12.246,45.5305],[12.2785,45.536],[12.2745,45.557],[12.293,45.5725],[12.3215,45.5705],[12.3355,45.562],[12.3525,45.588],[12.391,45.569],[12.4385,45.559],[12.444,45.6015],[12.424,45.621],[12.445,45.639],[12.484,45.6425],[12.4945,45.674],[12.518,45.6885],[12.5335,45.679],[12.575,45.697],[12.6005,45.6815],[12.671,45.717],[12.6745,45.732],[12.6465,45.7475],[12.662,45.7555],[12.6615,45.7925],[12.654,45.8095],[12.632,45.8295],[12.5975,45.822],[12.5595,45.826],[12.559,45.847],[12.537,45.8685],[12.5325,45.882],[12.501,45.925],[12.463,45.9345],[12.4535,45.9475],[12.4225,45.956],[12.428,45.996],[12.4155,46.027],[12.4005,46.042],[12.3915,46.0715],[12.3225,46.082],[12.303,46.0765],[12.2805,46.0485],[12.226,46.013],[12.1915,46.0045],[12.1775,46.0145],[12.155,46.001],[12.11,46.003],[12.094,45.982],[12.062,45.9625],[12.0325,45.9735],[11.9615,45.9545],[11.9515,45.9475],[11.944,45.9125],[11.9505,45.896],[11.9005,45.889],[11.876,45.881],[11.8465,45.8845],[11.846,45.8965],[11.8255,45.908],[11.7995,45.8805]]]},"properties":{"prov_name":"Treviso","prov_acr":"TV","reg_name":"Veneto"}},
{"type":"Feature","geometry":{"type":"Polygon","coordinates":[[[12.6615,45.7925],[12.662,45.7555],[12.6465,45.7475],[12.6745,45.732],[12.671,45.717],[12.6005,45.6815],[12.575,45.697],[12.5335,45.679],[12.518,45.6885],[12.4945,45.674],[12.484,45.6425],[12.445,45.639],[12.424,45.621],[12.444,45.6015],[12.4385,45.559],[12.391,45.569],[12.3525,45.588],[12.3355,45.562],[12.3215,45.5705],[12.293,45.5725],[12.2745,45.557],[12.2785,45.536],[12.246,45.5305],[12.2055,45.541],[12.212,45.5625],[12.194,45.5735],[12.1665,45.5735],[12.145,45.595],[12.1295,45.596],[12.113,45.613],[12.0925,45.5985],[12.083,45.5805],[12.0615,45.5725],[12.0355,45.5715],[12.0315,45.5335],[12.0075,45.5305],[12.0035,45.5105],[11.9795,45.4545],[12.0265,45.4485],[12.0135,45.424],[11.98,45.4085],[11.9925,45.3805],[12.0265,45.3675],[12.0345,45.3575],[12.0125,45.3425],[12.0215,45.322],[12.052,45.3145],[12.079,45.332],[12.114,45.305],[12.137,45.2995],[12.1865,45.3025],[12.191,45.284],[12.206,45.273],[12.1935,45.234],[12.157,45.2255],[12.1535,45.194],[12.123,45.2105],[11.978,45.187],[11.9765,45.1625],[11.962,45.1495],[11.969,45.134],[12.0055,45.1405],[12.026,45.1385],[12.0255,45.1195],[12.11,45.064],[12.141,45.0555],[12.168,45.094],[12.188,45.089],[12.2025,45.105],[12.238,45.1065],[12.2805,45.123],[12.2825,45.1435],[12.314,45.1455],[12.3325,45.163],[12.3065,45.1945],[12.296,45.2445],[12.306,45.288],[12.329,45.3375],[12.3305,45.3535],[12.36,45.396],[12.3995,45.43],[12.427,45.418],[12.453,45.4385],[12.4805,45.4495],[12.5845,45.4795],[12.65,45.5055],[12.7155,45.5245],[12.761,45.5425],[12.799,45.562],[12.8625,45.5865],[12.918,45.6125],[12.978,45.6265],[13.0635,45.631],[13.0975,45.636],[13.101,45.6435],[13.0445,45.6845],[13.03,45.7255],[13.0015,45.75],[13.0075,45.7655],[12.9845,45.7815],[12.974,45.8075],[12.979,45.834],[12.9515,45.843],[12.952,45.822],[12.9295,45.8175],[12.915,45.8245],[12.89,45.8205],[12.8695,45.834],[12.875,45.8505],[12.837,45.8475],[12.802,45.823],[12.8045,45.8445],[12.775,45.853],[12.743,45.8265],[12.73,45.8375],[12.679,45.7945],[12.6615,45.7925]]]},"properties":{"prov_name":"Venezia","prov_acr":"VE","reg_name":"Veneto"}},
{"type":"Feature","geometry":{"type":"Polygon","coordinates":[[[11.969,45.134],[11.962,45.1495],[11.9765,45.1625],[11.978,45.187],[12.123,45.2105],[12.1535,45.194],[12.157,45.2255],[12.1935,45.234],[12.206,45.273],[12.191,45.284],[12.1865,45.3025],[12.137,45.2995],[12.114,45.305],[12.079,45.332],[12.052,45.3145],[12.0215,45.322],[12.0125,45.3425],[12.0345,45.3575],[12.0265,45.3675],[11.9925,45.3805],[11.98,45.4085],[12.0135,45.424],[12.0265,45.4485],[11.9795,45.4545],[12.0035,45.5105],[12.0075,45.5305],[12.0315,45.5335],[12.0355,45.5715],[12.0615,45.5725],[12.083,45.5805],[12.0925,45.5985],[12.074,45.6415],[12.016,45.646],[12.0045,45.6265],[11.966,45.6125],[11.933,45.615],[11.8925,45.6345],[11.881,45.666],[11.842,45.6835],[11.8215,45.687],[11.7585,45.678],[11.7135,45.6815],[11.709,45.668],[11.685,45.659],[11.68,45.6405],[11.6465,45.634],[11.6445,45.596],[11.6745,45.592],[11.6575,45.54],[11.723,45.5445],[11.749,45.5365],[11.7565,45.5195],[11.7295,45.516],[11.7445,45.482],[11.7355,45.471],[11.71,45.4625],[11.676,45.423],[11.6155,45.388],[11.6115,45.375],[11.6275,45.3565],[11.62,45.3305],[11.5885,45.313],[11.5805,45.301],[11.584,45.256],[11.566,45.2615],[11.5265,45.2585],[11.487,45.266],[11.4365,45.2585],[11.405,45.2465],[11.3995,45.2255],[11.409,45.175],[11.429,45.1505],[11.417,45.1295],[11.468,45.109],[11.493,45.103],[11.529,45.121],[11.577,45.124],[11.6135,45.1085],[11.648,45.109],[11.696,45.0985],[11.757,45.0955],[11.7755,45.099],[11.808,45.121],[11.88,45.135],[11.897,45.1335],[11.9245,45.143],[11.969,45.134]]]},"properties":{"prov_name":"Padova","prov_acr":"PD","reg_name":"Veneto"}},
{"type":"Feature","geometry":{"type":"Polygon","coordinates":[[[12.3325,45.163],[12.314,45.1455],[12.2825,45.1435],[12.2805,45.123],[12.238,45.1065],[12.2025,45.105],[12.188,45.089],[12.168,45.094],[12.141,45.0555],[12.11,45.064],[12.0255,45.1195],[12.026,45.1385],[12.0055,45.1405],[11.969,45.134],[11.9245,45.143],[11.897,45.1335],[11.88,45.135],[11.808,45.121],[11.7755,45.099],[11.757,45.0955],[11.696,45.0985],[11.648,45.109],[11.6135,45.1085],[11.577,45.124],[11.529,45.121],[11.493,45.103],[11.468,45.109],[11.417,45.1295],[11.442,45.097],[11.446,45.0805],[11.4005,45.053],[11.361,45.0575],[11.355,45.0705],[11.32,45.081],[11.315,45.0905],[11.2525,45.0905],[11.227,45.0835],[11.21,45.095],[11.2055,45.1095],[11.1775,45.0975],[11.1875,45.0825],[11.1745,45.0615],[11.2015,45.06],[11.2385,45.043],[11.257,45.054],[11.2755,45.0175],[11.313,45.0095],[11.338,44.9895],[11.4245,44.962],[11.4265,44.95],[11.434,44.9295],[11.4695,44.9365],[11.534,44.936],[11.5865,44.9115],[11.592,44.892],[11.625,44.889],[11.673,44.915],[11.7445,44.937],[11.747,44.958],[11.784,44.964],[11.8045,44.977],[11.8385,44.973],[11.8995,44.978],[11.9265,44.975],[11.9625,44.987],[12.0155,44.9765],[12.0475,44.977],[12.057,44.9705],[12.0915,44.97],[12.116,44.9575],[12.128,44.937],[12.1425,44.928],[12.169,44.942],[12.194,44.9255],[12.225,44.923],[12.256,44.9425],[12.281,44.942],[12.2945,44.9255],[12.282,44.9115],[12.2865,44.8705],[12.304,44.8555],[12.3365,44.852],[12.3535,44.817],[12.397,44.7905],[12.4215,44.8125],[12.429,44.831],[12.465,44.8435],[12.5155,44.9345],[12.554,44.966],[12.5485,44.974],[12.511,44.9915],[12.485,44.993],[12.444,45.013],[12.3935,45.0455],[12.337,45.0895],[12.3275,45.1225],[12.3325,45.163]]]},"properties":{"prov_name":"Rovigo","prov_acr":"RO","reg_name":"Veneto"}},
{"type":"Feature","geometry":{"type":"Polygon","coordinates":[[[13.246,45.7195],[13.2375,45.755],[13.2755,45.747],[13.291,45.75],[13.327,45.737],[13.3535,45.735],[13.3825,45.7255],[13.4035,45.739],[13.4505,45.747],[13.4195,45.7575],[13.4405,45.7855],[13.4265,45.813],[13.429,45.839],[13.4115,45.856],[13.4175,45.8745],[13.392,45.9135],[13.4195,45.928],[13.42,45.9415],[13.4425,45.9595],[13.438,45.9735],[13.465,45.986],[13.4605,46.0055],[13.471,46.0115],[13.4785,46.037],[13.497,46.0515],[13.5035,46.0625],[13.53,46.0675],[13.544,46.083],[13.574,46.0905],[13.5835,46.1005],[13.647,46.1405],[13.663,46.18],[13.6325,46.1905],[13.6145,46.1845],[13.5855,46.1905],[13.565,46.188],[13.562,46.204],[13.5455,46.212],[13.503,46.2155],[13.4955,46.222],[13.457,46.2265],[13.4465,46.213],[13.4235,46.2065],[13.415,46.2185],[13.4225,46.2345],[13.3985,46.2535],[13.392,46.2795],[13.3755,46.298],[13.403,46.3],[13.4475,46.3365],[13.437,46.3545],[13.5165,46.377],[13.5755,46.409],[13.5785,46.4265],[13.592,46.4365],[13.6475,46.446],[13.684,46.4375],[13.699,46.4565],[13.7065,46.4835],[13.7065,46.521],[13.677,46.5235],[13.627,46.5415],[13.5635,46.5515],[13.52,46.547],[13.504,46.566],[13.4735,46.5575],[13.4275,46.5575],[13.409,46.571],[13.373,46.5795],[13.3445,46.57],[13.32,46.553],[13.301,46.5585],[13.2525,46.5605],[13.2375,46.553],[13.218,46.5705],[13.179,46.5785],[13.1685,46.589],[13.125,46.591],[13.0835,46.602],[13.046,46.5955],[13.0215,46.602],[12.9875,46.5995],[12.9285,46.6105],[12.852,46.605],[12.8335,46.6105],[12.8375,46.6275],[12.803,46.634],[12.795,46.6425],[12.7565,46.647],[12.732,46.634],[12.7045,46.6185],[12.69,46.6005],[12.657,46.5725],[12.644,46.576],[12.619,46.54],[12.63,46.5005],[12.654,46.4845],[12.6625,46.469],[12.621,46.4755],[12.606,46.464],[12.57,46.4755],[12.506,46.441],[12.4925,46.4245],[12.4985,46.412],[12.5195,46.398],[12.526,46.3735],[12.5425,46.36],[12.557,46.369],[12.586,46.3675],[12.637,46.3395],[12.678,46.3475],[12.693,46.343],[12.7065,46.326],[12.734,46.3365],[12.778,46.346],[12.7775,46.3555],[12.8215,46.3565],[12.84,46.343],[12.88,46.342],[12.893,46.3305],[12.915,46.347],[12.9355,46.334],[12.961,46.337],[12.9755,46.3175],[12.9535,46.3005],[12.9765,46.268],[12.975,46.236],[12.944,46.21],[12.965,46.195],[12.957,46.1865],[12.948,46.1515],[12.9325,46.122],[12.927,46.0935],[12.917,46.074],[12.912,46.001],[12.904,45.9635],[12.915,45.9155],[12.931,45.895],[12.9745,45.8735],[12.982,45.852],[12.979,45.834],[12.974,45.8075],[12.9845,45.7815],[13.0075,45.7655],[13.0015,45.75],[13.03,45.7255],[13.0445,45.6845],[13.101,45.6435],[13.1095,45.663],[13.143,45.6855],[13.1565,45.7025],[13.186,45.711],[13.2335,45.7145],[13.246,45.7195]]]},"properties":{"prov_name":"Udine","prov_acr":"UD","reg_name":"Friuli-Venezia Giulia"}},
{"type":"Feature","geometry":{"type":"Polygon","coordinates":[[[13.497,46.0515],[13.4785,46.037],[13.471,46.0115],[13.4605,46.0055],[13.465,45.986],[13.438,45.9735],[13.4425,45.9595],[13.42,45.9415],[13.4195,45.928],[13.392,45.9135],[13.4175,45.8745],[13.4115,45.856],[13.429,45.839],[13.4265,45.813],[13.4405,45.7855],[13.4195,45.7575],[13.4505,45.747],[13.4035,45.739],[13.3825,45.7255],[13.3535,45.735],[13.327,45.737],[13.291,45.75],[13.2755,45.747],[13.2375,45.755],[13.246,45.7195],[13.262,45.7075],[13.2915,45.704],[13.3225,45.6875],[13.351,45.679],[13.368,45.683],[13.3895,45.6755],[13.4245,45.677],[13.454,45.69],[13.4685,45.7035],[13.4875,45.7045],[13.532,45.7235],[13.5205,45.757],[13.536,45.7845],[13.562,45.7785],[13.581,45.782],[13.5835,45.801],[13.5965,45.808],[13.588,45.834],[13.5745,45.843],[13.5775,45.858],[13.593,45.8755],[13.5905,45.8885],[13.609,45.899],[13.6375,45.9355],[13.633,45.95],[13.6395,45.98],[13.5905,45.99],[13.568,45.968],[13.526,45.973],[13.5015,45.9805],[13.476,46.0065],[13.4945,46.0145],[13.51,46.046],[13.497,46.0515]]]},"properties":{"prov_name":"Gorizia","prov_acr":"GO","reg_name":"Friuli-Venezia Giulia"}},
{"type":"Feature","geometry":{"type":"Polygon","coordinates":[[[13.5965,45.808],[13.5835,45.801],[13.581,45.782],[13.603,45.7715],[13.632,45.768],[13.6965,45.721],[13.7115,45.711],[13.72,45.701],[13.7535,45.6805],[13.769,45.653],[13.7485,45.644],[13.7765,45.6135],[13.774,45.613],[13.777,45.6135],[13.7805,45.6125],[13.7795,45.612],[13.7805,45.612],[13.786,45.5995],[13.7485,45.609],[13.7195,45.6055],[13.787,45.583],[13.851,45.585],[13.879,45.6115],[13.918,45.631],[13.858,45.6655],[13.831,45.6925],[13.827,45.7145],[13.8,45.7395],[13.7835,45.748],[13.746,45.755],[13.6695,45.7995],[13.6275,45.7975],[13.5965,45.808]]]},"properties":{"prov_name":"Trieste","prov_acr":"TS","reg_name":"Friuli-Venezia Giulia"}},
{"type":"Feature","geometry":{"type":"Polygon","coordinates":[[[12.4985,46.412],[12.482,46.4035],[12.4605,46.3805],[12.463,46.3695],[12.4285,46.3515],[12.4115,46.331],[12.379,46.332],[12.3545,46.3195],[12.351,46.294],[12.329,46.282],[12.321,46.2645],[12.3375,46.2395],[12.3765,46.223],[12.4015,46.229],[12.4075,46.207],[12.4305,46.2095],[12.457,46.1705],[12.4915,46.157],[12.499,46.137],[12.4845,46.1045],[12.428,46.0765],[12.4005,46.042],[12.4155,46.027],[12.428,45.996],[12.4225,45.956],[12.4535,45.9475],[12.463,45.9345],[12.501,45.925],[12.5325,45.882],[12.537,45.8685],[12.559,45.847],[12.5595,45.826],[12.5975,45.822],[12.632,45.8295],[12.654,45.8095],[12.6615,45.7925],[12.679,45.7945],[12.73,45.8375],[12.743,45.8265],[12.775,45.853],[12.8045,45.8445],[12.802,45.823],[12.837,45.8475],[12.875,45.8505],[12.8695,45.834],[12.89,45.8205],[12.915,45.8245],[12.9295,45.8175],[12.952,45.822],[12.9515,45.843],[12.979,45.834],[12.982,45.852],[12.9745,45.8735],[12.931,45.895],[12.915,45.9155],[12.904,45.9635],[12.912,46.001],[12.917,46.074],[12.927,46.0935],[12.9325,46.122],[12.948,46.1515],[12.957,46.1865],[12.965,46.195],[12.944,46.21],[12.975,46.236],[12.9765,46.268],[12.9535,46.3005],[12.9755,46.3175],[12.961,46.337],[12.9355,46.334],[12.915,46.347],[12.893,46.3305],[12.88,46.342],[12.84,46.343],[12.8215,46.3565],[12.7775,46.3555],[12.778,46.346],[12.734,46.3365],[12.7065,46.326],[12.693,46.343],[12.678,46.3475],[12.637,46.3395],[12.586,46.3675],[12.557,46.369],[12.5425,46.36],[12.526,46.3735],[12.5195,46.398],[12.4985,46.412]]]},"properties":{"prov_name":"Pordenone","prov_acr":"PN","reg_name":"Friuli-Venezia Giulia"}},
{"type":"Feature","geometry":{"type":"Polygon","coordinates":[[[7.7145,44.0615],[7.703,44.046],[7.6625,44.0275],[7.6705,43.998],[7.652,43.9735],[7.609,43.956],[7.588,43.9555],[7.5595,43.9165],[7.5625,43.9005],[7.515,43.884],[7.495,43.856],[7.507,43.838],[7.5295,43.7845],[7.5555,43.78],[7.5695,43.792],[7.5885,43.792],[7.673,43.776],[7.712,43.801],[7.7365,43.7955],[7.753,43.807],[7.8055,43.8235],[7.8305,43.816],[7.847,43.829],[7.872,43.836],[7.908,43.8375],[7.921,43.8445],[7.9655,43.852],[7.9685,43.86],[8.015,43.872],[8.0405,43.8875],[8.0665,43.889],[8.094,43.917],[8.1285,43.927],[8.1355,43.939],[8.1055,43.9735],[8.0835,43.9835],[8.017,43.9795],[8.003,43.9995],[7.9795,44.014],[7.988,44.033],[8.006,44.035],[8.0295,44.05],[8.039,44.066],[8.0345,44.0875],[8.0155,44.1105],[8.0045,44.1025],[7.9715,44.113],[7.937,44.0995],[7.926,44.1105],[7.884,44.1045],[7.866,44.118],[7.8155,44.123],[7.775,44.14],[7.746,44.1355],[7.723,44.121],[7.7195,44.1045],[7.74,44.0775],[7.728,44.0605],[7.7145,44.0615]]]},"properties":{"prov_name":"Imperia","prov_acr":"IM","reg_name":"Liguria"}},
{"type":"Feature","geometry":{"type":"Polygon","coordinates":[[[8.1355,43.939],[8.142,43.9475],[8.174,43.958],[8.1615,43.97],[8.1685,44.001],[8.2085,44.0345],[8.226,44.044],[8.227,44.0805],[8.2375,44.102],[8.269,44.1395],[8.2915,44.152],[8.329,44.1615],[8.422,44.1925],[8.416,44.221],[8.445,44.2435],[8.4565,44.2585],[8.4425,44.265],[8.448,44.2855],[8.486,44.3085],[8.5095,44.3285],[8.5265,44.3315],[8.633,44.38],[8.594,44.4035],[8.5885,44.4265],[8.6055,44.436],[8.6425,44.4395],[8.665,44.449],[8.6625,44.4855],[8.654,44.5035],[8.5945,44.4945],[8.576,44.509],[8.56,44.503],[8.535,44.5135],[8.5145,44.51],[8.453,44.51],[8.4495,44.4975],[8.404,44.509],[8.3945,44.48],[8.3585,44.465],[8.35,44.485],[8.321,44.4885],[8.3045,44.5025],[8.2715,44.507],[8.2615,44.5195],[8.253,44.5285],[8.224,44.514],[8.2185,44.482],[8.1975,44.4775],[8.1965,44.4635],[8.222,44.4295],[8.2035,44.405],[8.1865,44.3955],[8.1495,44.385],[8.1415,44.368],[8.1485,44.355],[8.1345,44.332],[8.107,44.333],[8.102,44.301],[8.076,44.314],[8.0595,44.3005],[8.0885,44.2745],[8.063,44.253],[8.0805,44.2415],[8.0655,44.217],[8.088,44.203],[8.094,44.1755],[8.0735,44.1585],[8.0675,44.1445],[8.043,44.143],[8.029,44.154],[8.0095,44.1555],[7.979,44.1335],[8.0065,44.1255],[8.0155,44.1105],[8.0345,44.0875],[8.039,44.066],[8.0295,44.05],[8.006,44.035],[7.988,44.033],[7.9795,44.014],[8.003,43.9995],[8.017,43.9795],[8.0835,43.9835],[8.1055,43.9735],[8.1355,43.939]]]},"properties":{"prov_name":"Savona","prov_acr":"SV","reg_name":"Liguria"}},
{"type":"Feature","geometry":{"type":"Polygon","coordinates":[[[8.576,44.509],[8.5945,44.4945],[8.654,44.5035],[8.6625,44.4855],[8.665,44.449],[8.6425,44.4395],[8.6055,44.436],[8.5885,44.4265],[8.594,44.4035],[8.633,44.38],[8.6495,44.39],[8.6785,44.3925],[8.693,44.4085],[8.7415,44.4265],[8.7755,44.4205],[8.8315,44.421],[8.8715,44.405],[8.887,44.4075],[8.952,44.3915],[8.9825,44.392],[9.009,44.385],[9.07,44.378],[9.14,44.361],[9.155,44.3475],[9.149,44.3245],[9.1555,44.316],[9.1885,44.309],[9.2125,44.3105],[9.214,44.3345],[9.234,44.3485],[9.3035,44.323],[9.365,44.297],[9.3905,44.281],[9.403,44.2555],[9.417,44.26],[9.4395,44.2425],[9.469,44.2345],[9.4955,44.2345],[9.5115,44.2165],[9.527,44.2275],[9.533,44.2525],[9.558,44.2575],[9.573,44.271],[9.5545,44.29],[9.5245,44.3065],[9.4995,44.327],[9.518,44.355],[9.496,44.367],[9.4945,44.377],[9.472,44.3865],[9.479,44.4095],[9.458,44.442],[9.47,44.4735],[9.497,44.4825],[9.4955,44.503],[9.5045,44.53],[9.488,44.5455],[9.4935,44.556],[9.4765,44.565],[9.4405,44.5665],[9.423,44.5745],[9.4215,44.5925],[9.3895,44.59],[9.34,44.5785],[9.3005,44.608],[9.272,44.596],[9.2455,44.6195],[9.203,44.6135],[9.199,44.593],[9.1835,44.5915],[9.1525,44.574],[9.113,44.581],[9.1045,44.6065],[9.076,44.6235],[9.0535,44.621],[9.013,44.667],[8.9725,44.6635],[8.9595,44.676],[8.928,44.6745],[8.9085,44.647],[8.8825,44.639],[8.9045,44.621],[8.9175,44.561],[8.895,44.5555],[8.827,44.562],[8.8245,44.5385],[8.795,44.522],[8.7965,44.5],[8.7825,44.4885],[8.7675,44.525],[8.733,44.5705],[8.721,44.58],[8.6815,44.575],[8.667,44.5825],[8.62,44.5765],[8.601,44.568],[8.6135,44.5465],[8.576,44.509]]]},"properties":{"prov_name":"Genova","prov_acr":"GE","reg_name":"Liguria"}},
{"type":"Feature","geometry":{"type":"Polygon","coordinates":[[[9.854,44.1065],[9.881,44.081],[9.9015,44.083],[9.909,44.0705],[9.964,44.0375],[9.9775,44.0355],[10.0005,44.051],[10.019,44.0445],[10.0285,44.059],[10.066,44.086],[10.0695,44.098],[10.046,44.1155],[10.018,44.1195],[10.002,44.1075],[9.9765,44.1395],[9.979,44.161],[9.9665,44.1695],[9.928,44.166],[9.8925,44.168],[9.928,44.1955],[9.897,44.21],[9.8745,44.1955],[9.8575,44.1935],[9.8755,44.224],[9.857,44.234],[9.861,44.251],[9.8515,44.271],[9.815,44.286],[9.8055,44.283],[9.764,44.3055],[9.7585,44.3185],[9.7295,44.3285],[9.7065,44.366],[9.6865,44.366],[9.675,44.3645],[9.6555,44.4115],[9.636,44.414],[9.598,44.4365],[9.559,44.438],[9.551,44.428],[9.494,44.424],[9.479,44.4095],[9.472,44.3865],[9.4945,44.377],[9.496,44.367],[9.518,44.355],[9.4995,44.327],[9.5245,44.3065],[9.5545,44.29],[9.573,44.271],[9.558,44.2575],[9.533,44.2525],[9.527,44.2275],[9.5115,44.2165],[9.553,44.203],[9.569,44.182],[9.61,44.1665],[9.609,44.1565],[9.6355,44.1335],[9.6575,44.1455],[9.7255,44.1125],[9.7385,44.0925],[9.756,44.091],[9.782,44.0725],[9.821,44.0585],[9.8475,44.061],[9.824,44.0825],[9.831,44.106],[9.8485,44.11],[9.8485,44.1095],[9.854,44.1065]]]},"properties":{"prov_name":"La Spezia","prov_acr":"SP","reg_name":"Liguria"}},
{"type":"Feature","geometry":{"type":"Polygon","coordinates":[[[9.4935,44.556],[9.513,44.5625],[9.5315,44.5845],[9.55,44.588],[9.5635,44.6075],[9.585,44.623],[9.632,44.6405],[9.625,44.6565],[9.675,44.6875],[9.6865,44.675],[9.7655,44.682],[9.766,44.7105],[9.7875,44.7175],[9.8155,44.7385],[9.82,44.751],[9.85,44.7665],[9.8805,44.7685],[9.8725,44.783],[9.882,44.8035],[9.905,44.81],[9.937,44.837],[9.9865,44.8455],[9.9835,44.8575],[10.011,44.876],[10.0125,44.888],[9.9925,44.9145],[9.9875,44.936],[10.0045,44.9685],[10.0285,44.981],[10.0455,45.029],[10.0835,45.044],[10.0575,45.0415],[10.0435,45.063],[10.0215,45.077],[10.029,45.095],[9.9925,45.13],[9.9785,45.1335],[9.9365,45.105],[9.915,45.1005],[9.9265,45.132],[9.9155,45.139],[9.891,45.131],[9.8795,45.112],[9.9005,45.0955],[9.883,45.0745],[9.8635,45.0925],[9.844,45.097],[9.8355,45.072],[9.8165,45.0545],[9.81,45.08],[9.779,45.0895],[9.7665,45.1075],[9.745,45.106],[9.753,45.0865],[9.73,45.0635],[9.7125,45.059],[9.6595,45.082],[9.6315,45.088],[9.6385,45.1245],[9.6185,45.133],[9.602,45.104],[9.5685,45.1075],[9.5485,45.1325],[9.5375,45.115],[9.5505,45.095],[9.532,45.0785],[9.5015,45.1035],[9.466,45.0945],[9.439,45.0935],[9.4125,45.0835],[9.406,45.073],[9.371,45.048],[9.376,45.0415],[9.366,45.0035],[9.3475,44.9975],[9.3145,44.937],[9.2875,44.934],[9.29,44.882],[9.3415,44.87],[9.3585,44.815],[9.33,44.8],[9.317,44.784],[9.287,44.7725],[9.286,44.7595],[9.3325,44.735],[9.3085,44.7055],[9.3245,44.69],[9.2985,44.681],[9.283,44.686],[9.2575,44.681],[9.2405,44.6885],[9.2005,44.6865],[9.2065,44.66],[9.1985,44.649],[9.203,44.6135],[9.2455,44.6195],[9.272,44.596],[9.3005,44.608],[9.34,44.5785],[9.3895,44.59],[9.4215,44.5925],[9.423,44.5745],[9.4405,44.5665],[9.4765,44.565],[9.4935,44.556]]]},"properties":{"prov_name":"Piacenza","prov_acr":"PC","reg_name":"Emilia-Romagna"}},
{"type":"Feature","geometry":{"type":"Polygon","coordinates":[[[9.6865,44.366],[9.717,44.383],[9.732,44.3795],[9.8275,44.4685],[9.922,44.4725],[9.9705,44.4645],[9.9805,44.445],[10.001,44.443],[10.007,44.4315],[9.9895,44.4045],[10.0215,44.383],[10.053,44.373],[10.099,44.346],[10.142,44.354],[10.1575,44.3795],[10.2055,44.392],[10.223,44.4095],[10.231,44.4295],[10.2545,44.4515],[10.2845,44.4595],[10.332,44.4855],[10.3415,44.5245],[10.3615,44.5415],[10.385,44.549],[10.402,44.5645],[10.3985,44.5835],[10.4025,44.6165],[10.4145,44.629],[10.414,44.664],[10.4285,44.694],[10.446,44.7155],[10.446,44.7265],[10.425,44.7395],[10.4295,44.7525],[10.425,44.7995],[10.437,44.8],[10.4525,44.847],[10.4645,44.853],[10.4745,44.876],[10.4635,44.898],[10.4865,44.9005],[10.5045,44.9225],[10.464,44.937],[10.432,44.947],[10.417,44.9775],[10.3835,44.979],[10.3655,44.966],[10.3475,44.9695],[10.309,44.9875],[10.3045,44.999],[10.2745,44.998],[10.26,45.014],[10.211,45.034],[10.194,45.028],[10.1575,45.044],[10.1475,45.0355],[10.106,45.022],[10.093,45.024],[10.0835,45.044],[10.0455,45.029],[10.0285,44.981],[10.0045,44.9685],[9.9875,44.936],[9.9925,44.9145],[10.0125,44.888],[10.011,44.876],[9.9835,44.8575],[9.9865,44.8455],[9.937,44.837],[9.905,44.81],[9.882,44.8035],[9.8725,44.783],[9.8805,44.7685],[9.85,44.7665],[9.82,44.751],[9.8155,44.7385],[9.7875,44.7175],[9.766,44.7105],[9.7655,44.682],[9.6865,44.675],[9.675,44.6875],[9.625,44.6565],[9.632,44.6405],[9.585,44.623],[9.5635,44.6075],[9.55,44.588],[9.5315,44.5845],[9.513,44.5625],[9.4935,44.556],[9.488,44.5455],[9.5045,44.53],[9.4955,44.503],[9.497,44.4825],[9.47,44.4735],[9.458,44.442],[9.479,44.4095],[9.494,44.424],[9.551,44.428],[9.559,44.438],[9.598,44.4365],[9.636,44.414],[9.6555,44.4115],[9.675,44.3645],[9.6865,44.366]]]},"properties":{"prov_name":"Parma","prov_acr":"PR","reg_name":"Emilia-Romagna"}},
{"type":"Feature","geometry":{"type":"Polygon","coordinates":[[[10.47,44.226],[10.4845,44.235],[10.487,44.2635],[10.516,44.282],[10.5105,44.3005],[10.5255,44.328],[10.5275,44.3505],[10.551,44.36],[10.5885,44.3615],[10.619,44.3785],[10.6215,44.406],[10.6305,44.42],[10.6535,44.4335],[10.6575,44.4585],[10.692,44.4765],[10.7025,44.488],[10.7405,44.51],[10.766,44.542],[10.7855,44.6],[10.782,44.628],[10.7965,44.6525],[10.8155,44.6565],[10.8065,44.6965],[10.8215,44.7345],[10.818,44.76],[10.8275,44.766],[10.842,44.7955],[10.815,44.807],[10.85,44.8665],[10.8795,44.8695],[10.877,44.902],[10.888,44.9145],[10.82,44.9365],[10.7435,44.949],[10.748,44.9625],[10.7385,44.9855],[10.6865,44.9865],[10.664,44.9685],[10.6305,44.929],[10.599,44.9145],[10.566,44.9085],[10.52,44.9125],[10.5045,44.9225],[10.4865,44.9005],[10.4635,44.898],[10.4745,44.876],[10.4645,44.853],[10.4525,44.847],[10.437,44.8],[10.425,44.7995],[10.4295,44.7525],[10.425,44.7395],[10.446,44.7265],[10.446,44.7155],[10.4285,44.694],[10.414,44.664],[10.4145,44.629],[10.4025,44.6165],[10.3985,44.5835],[10.402,44.5645],[10.385,44.549],[10.3615,44.5415],[10.3415,44.5245],[10.332,44.4855],[10.2845,44.4595],[10.2545,44.4515],[10.231,44.4295],[10.223,44.4095],[10.2055,44.392],[10.1575,44.3795],[10.142,44.354],[10.161,44.344],[10.168,44.33],[10.229,44.2965],[10.254,44.2685],[10.2965,44.2855],[10.343,44.2695],[10.3715,44.2695],[10.4075,44.2495],[10.4305,44.2275],[10.47,44.226]]]},"properties":{"prov_name":"Reggio nell'Emilia","prov_acr":"RE","reg_name":"Emilia-Romagna"}},
{"type":"Feature","geometry":{"type":"Polygon","coordinates":[[[10.888,44.9145],[10.877,44.902],[10.8795,44.8695],[10.85,44.8665],[10.815,44.807],[10.842,44.7955],[10.8275,44.766],[10.818,44.76],[10.8215,44.7345],[10.8065,44.6965],[10.8155,44.6565],[10.7965,44.6525],[10.782,44.628],[10.7855,44.6],[10.766,44.542],[10.7405,44.51],[10.7025,44.488],[10.692,44.4765],[10.6575,44.4585],[10.6535,44.4335],[10.6305,44.42],[10.6215,44.406],[10.619,44.3785],[10.5885,44.3615],[10.551,44.36],[10.5275,44.3505],[10.5255,44.328],[10.5105,44.3005],[10.516,44.282],[10.487,44.2635],[10.4845,44.235],[10.47,44.226],[10.493,44.217],[10.485,44.2045],[10.523,44.175],[10.5325,44.155],[10.5775,44.132],[10.593,44.1155],[10.624,44.1205],[10.624,44.141],[10.641,44.16],[10.6615,44.154],[10.744,44.156],[10.7605,44.15],[10.7835,44.1295],[10.815,44.116],[10.8055,44.141],[10.823,44.1825],[10.855,44.2075],[10.85,44.2275],[10.8615,44.232],[10.89,44.224],[10.907,44.2055],[10.9355,44.2235],[10.957,44.226],[10.967,44.243],[10.9675,44.2725],[10.949,44.2865],[10.9665,44.302],[11.002,44.306],[11.012,44.2995],[11.04,44.331],[11.026,44.35],[11.0225,44.3735],[11.048,44.416],[11.038,44.4275],[10.9965,44.4295],[10.991,44.4415],[11.0135,44.447],[11.0475,44.467],[11.0655,44.5],[11.059,44.522],[11.0775,44.5315],[11.108,44.5245],[11.1075,44.545],[11.129,44.5725],[11.1525,44.589],[11.1185,44.618],[11.128,44.6315],[11.078,44.647],[11.117,44.7105],[11.13,44.783],[11.174,44.7915],[11.208,44.8045],[11.2935,44.803],[11.3115,44.8275],[11.3475,44.83],[11.3685,44.8425],[11.341,44.8725],[11.2935,44.8855],[11.2345,44.906],[11.2605,44.933],[11.246,44.9515],[11.2415,44.946],[11.1485,44.934],[11.1245,44.9515],[11.073,44.9625],[11.0595,44.949],[10.994,44.954],[10.9415,44.922],[10.914,44.923],[10.888,44.9145]]]},"properties":{"prov_name":"Modena","prov_acr":"MO","reg_name":"Emilia-Romagna"}},
{"type":"Feature","geometry":{"type":"Polygon","coordinates":[[[11.2935,44.803],[11.208,44.8045],[11.174,44.7915],[11.13,44.783],[11.117,44.7105],[11.078,44.647],[11.128,44.6315],[11.1185,44.618],[11.1525,44.589],[11.129,44.5725],[11.1075,44.545],[11.108,44.5245],[11.0775,44.5315],[11.059,44.522],[11.0655,44.5],[11.0475,44.467],[11.0135,44.447],[10.991,44.4415],[10.9965,44.4295],[11.038,44.4275],[11.048,44.416],[11.0225,44.3735],[11.026,44.35],[11.04,44.331],[11.012,44.2995],[11.002,44.306],[10.9665,44.302],[10.949,44.2865],[10.9675,44.2725],[10.967,44.243],[10.957,44.226],[10.9355,44.2235],[10.907,44.2055],[10.89,44.224],[10.8615,44.232],[10.85,44.2275],[10.855,44.2075],[10.823,44.1825],[10.8055,44.141],[10.815,44.116],[10.83,44.117],[10.8485,44.098],[10.8785,44.0985],[10.903,44.086],[10.899,44.0665],[10.9185,44.063],[10.967,44.1035],[10.9685,44.114],[10.995,44.131],[11.015,44.125],[11.002,44.111],[11.0495,44.09],[11.093,44.0945],[11.1275,44.1095],[11.159,44.1125],[11.2025,44.1005],[11.248,44.0975],[11.26,44.116],[11.2185,44.1295],[11.196,44.1435],[11.2345,44.1585],[11.2805,44.1555],[11.3225,44.182],[11.325,44.195],[11.343,44.206],[11.3805,44.2],[11.3985,44.2225],[11.426,44.235],[11.4515,44.2205],[11.4475,44.1995],[11.48,44.184],[11.506,44.1635],[11.525,44.1575],[11.5355,44.1905],[11.5555,44.223],[11.626,44.247],[11.64,44.2735],[11.664,44.278],[11.6715,44.288],[11.6675,44.312],[11.6975,44.3095],[11.7085,44.29],[11.733,44.306],[11.759,44.3325],[11.7745,44.336],[11.8105,44.3885],[11.8355,44.4115],[11.7815,44.4365],[11.799,44.461],[11.7805,44.467],[11.7965,44.4855],[11.75,44.4975],[11.763,44.5105],[11.7785,44.5035],[11.789,44.5545],[11.753,44.573],[11.7855,44.585],[11.7855,44.6055],[11.8015,44.629],[11.7765,44.644],[11.7265,44.6525],[11.724,44.6365],[11.674,44.6325],[11.5925,44.7115],[11.583,44.707],[11.453,44.7605],[11.434,44.76],[11.399,44.7685],[11.3745,44.78],[11.3055,44.733],[11.2755,44.7055],[11.253,44.7165],[11.273,44.7505],[11.246,44.7585],[11.2935,44.803]]]},"properties":{"prov_name":"Bologna","prov_acr":"BO","reg_name":"Emilia-Romagna"}},
{"type":"Feature","geometry":{"type":"Polygon","coordinates":[[[11.2935,44.803],[11.246,44.7585],[11.273,44.7505],[11.253,44.7165],[11.2755,44.7055],[11.3055,44.733],[11.3745,44.78],[11.399,44.7685],[11.434,44.76],[11.453,44.7605],[11.583,44.707],[11.5925,44.7115],[11.674,44.6325],[11.724,44.6365],[11.7265,44.6525],[11.7765,44.644],[11.8015,44.629],[11.7855,44.6055],[11.7855,44.585],[11.753,44.573],[11.789,44.5545],[11.832,44.5615],[11.8605,44.5595],[11.871,44.5775],[12,44.6],[12.005,44.5835],[12.024,44.579],[12.028,44.5605],[12.0595,44.5485],[12.069,44.56],[12.0925,44.559],[12.113,44.5475],[12.154,44.5485],[12.237,44.6205],[12.2685,44.629],[12.241,44.6865],[12.2425,44.727],[12.2485,44.763],[12.2725,44.8005],[12.259,44.8155],[12.285,44.8405],[12.3085,44.8425],[12.333,44.829],[12.3395,44.8175],[12.373,44.796],[12.397,44.7905],[12.3535,44.817],[12.3365,44.852],[12.304,44.8555],[12.2865,44.8705],[12.282,44.9115],[12.2945,44.9255],[12.281,44.942],[12.256,44.9425],[12.225,44.923],[12.194,44.9255],[12.169,44.942],[12.1425,44.928],[12.128,44.937],[12.116,44.9575],[12.0915,44.97],[12.057,44.9705],[12.0475,44.977],[12.0155,44.9765],[11.9625,44.987],[11.9265,44.975],[11.8995,44.978],[11.8385,44.973],[11.8045,44.977],[11.784,44.964],[11.747,44.958],[11.7445,44.937],[11.673,44.915],[11.625,44.889],[11.592,44.892],[11.5865,44.9115],[11.534,44.936],[11.4695,44.9365],[11.434,44.9295],[11.4265,44.95],[11.378,44.958],[11.357,44.95],[11.3295,44.9605],[11.3015,44.9625],[11.2665,44.944],[11.246,44.9515],[11.2605,44.933],[11.2345,44.906],[11.2935,44.8855],[11.341,44.8725],[11.3685,44.8425],[11.3475,44.83],[11.3115,44.8275],[11.2935,44.803]]]},"properties":{"prov_name":"Ferrara","prov_acr":"FE","reg_name":"Emilia-Romagna"}},
{"type":"Feature","geometry":{"type":"Polygon","coordinates":[[[12.2685,44.629],[12.237,44.6205],[12.154,44.5485],[12.113,44.5475],[12.0925,44.559],[12.069,44.56],[12.0595,44.5485],[12.028,44.5605],[12.024,44.579],[12.005,44.5835],[12,44.6],[11.871,44.5775],[11.8605,44.5595],[11.832,44.5615],[11.789,44.5545],[11.7785,44.5035],[11.763,44.5105],[11.75,44.4975],[11.7965,44.4855],[11.7805,44.467],[11.799,44.461],[11.7815,44.4365],[11.8355,44.4115],[11.8105,44.3885],[11.7745,44.336],[11.759,44.3325],[11.733,44.306],[11.7085,44.29],[11.6975,44.3095],[11.6675,44.312],[11.6715,44.288],[11.664,44.278],[11.64,44.2735],[11.626,44.247],[11.5555,44.223],[11.5355,44.1905],[11.525,44.1575],[11.545,44.1525],[11.5525,44.1655],[11.6155,44.1585],[11.618,44.146],[11.5975,44.125],[11.654,44.1025],[11.678,44.122],[11.716,44.1225],[11.72,44.1585],[11.753,44.1935],[11.772,44.198],[11.7825,44.1805],[11.806,44.1995],[11.8295,44.199],[11.8885,44.1705],[11.914,44.2085],[11.9295,44.2195],[11.9255,44.24],[11.9475,44.236],[11.977,44.257],[12.0015,44.296],[12.0355,44.331],[12.0495,44.324],[12.0545,44.3055],[12.087,44.3005],[12.108,44.2885],[12.103,44.272],[12.1765,44.245],[12.209,44.2555],[12.201,44.23],[12.226,44.214],[12.247,44.231],[12.28,44.233],[12.3495,44.1905],[12.3835,44.2245],[12.3515,44.2865],[12.33,44.346],[12.3165,44.403],[12.292,44.4545],[12.2795,44.5215],[12.282,44.5935],[12.2685,44.629]]]},"properties":{"prov_name":"Ravenna","prov_acr":"RA","reg_name":"Emilia-Romagna"}},
{"type":"Feature","geometry":{"type":"Polygon","coordinates":[[[11.71,43.8775],[11.7325,43.863],[11.7845,43.8475],[11.8245,43.8155],[11.8415,43.808],[11.856,43.816],[11.8965,43.808],[11.919,43.7935],[11.947,43.791],[11.9535,43.776],[11.9865,43.762],[12.0065,43.7665],[12.053,43.757],[12.077,43.7405],[12.1075,43.754],[12.096,43.7655],[12.105,43.795],[12.131,43.825],[12.1505,43.837],[12.1385,43.8475],[12.168,43.8975],[12.158,43.9095],[12.1705,43.9255],[12.1895,43.916],[12.24,43.916],[12.27,43.9285],[12.295,43.928],[12.3125,43.94],[12.326,43.965],[12.3695,43.99],[12.3955,44.03],[12.364,44.047],[12.3705,44.066],[12.3925,44.0635],[12.4255,44.0885],[12.452,44.087],[12.455,44.103],[12.4425,44.1405],[12.429,44.1475],[12.4505,44.162],[12.3985,44.2075],[12.3835,44.2245],[12.3495,44.1905],[12.28,44.233],[12.247,44.231],[12.226,44.214],[12.201,44.23],[12.209,44.2555],[12.1765,44.245],[12.103,44.272],[12.108,44.2885],[12.087,44.3005],[12.0545,44.3055],[12.0495,44.324],[12.0355,44.331],[12.0015,44.296],[11.977,44.257],[11.9475,44.236],[11.9255,44.24],[11.9295,44.2195],[11.914,44.2085],[11.8885,44.1705],[11.8295,44.199],[11.806,44.1995],[11.7825,44.1805],[11.772,44.198],[11.753,44.1935],[11.72,44.1585],[11.716,44.1225],[11.744,44.126],[11.749,44.104],[11.7345,44.0855],[11.7095,44.0665],[11.695,44.0355],[11.6455,43.9895],[11.655,43.9745],[11.689,43.959],[11.6825,43.9385],[11.717,43.922],[11.71,43.8775]]]},"properties":{"prov_name":"Forlì-Cesena","prov_acr":"FC","reg_name":"Emilia-Romagna"}},
{"type":"Feature","geometry":{"type":"Polygon","coordinates":[[[12.4505,44.162],[12.429,44.1475],[12.4425,44.1405],[12.455,44.103],[12.452,44.087],[12.4255,44.0885],[12.3925,44.0635],[12.3705,44.066],[12.364,44.047],[12.3955,44.03],[12.3695,43.99],[12.326,43.965],[12.3125,43.94],[12.295,43.928],[12.27,43.9285],[12.24,43.916],[12.1895,43.916],[12.1705,43.9255],[12.158,43.9095],[12.168,43.8975],[12.1385,43.8475],[12.1505,43.837],[12.131,43.825],[12.105,43.795],[12.096,43.7655],[12.1075,43.754],[12.1235,43.749],[12.164,43.7625],[12.1945,43.732],[12.2095,43.757],[12.284,43.765],[12.285,43.795],[12.316,43.8055],[12.35,43.7995],[12.366,43.8135],[12.3985,43.8265],[12.391,43.845],[12.4005,43.873],[12.4455,43.871],[12.4625,43.894],[12.4435,43.905],[12.4175,43.899],[12.4085,43.9205],[12.4145,43.9285],[12.4035,43.951],[12.437,43.9565],[12.453,43.9695],[12.5095,43.991],[12.5065,43.971],[12.5155,43.9415],[12.4945,43.921],[12.4875,43.8965],[12.4995,43.8735],[12.5215,43.8735],[12.5415,43.864],[12.5845,43.884],[12.6025,43.8635],[12.601,43.8505],[12.6235,43.821],[12.6445,43.827],[12.6815,43.828],[12.6825,43.853],[12.7235,43.861],[12.7225,43.8805],[12.735,43.896],[12.728,43.924],[12.7555,43.962],[12.7505,43.9685],[12.7135,43.9745],[12.6555,44.008],[12.6205,44.035],[12.5755,44.0785],[12.561,44.0765],[12.515,44.1065],[12.4505,44.162]],[[12.1765,43.8105],[12.238,43.8005],[12.2375,43.787],[12.186,43.774],[12.17,43.8045],[12.1765,43.8105]]]},"properties":{"prov_name":"Rimini","prov_acr":"RN","reg_name":"Emilia-Romagna"}},
{"type":"Feature","geometry":{"type":"Polygon","coordinates":[[[9.6865,44.366],[9.7065,44.366],[9.7295,44.3285],[9.7585,44.3185],[9.764,44.3055],[9.8055,44.283],[9.815,44.286],[9.8515,44.271],[9.861,44.251],[9.857,44.234],[9.8755,44.224],[9.8575,44.1935],[9.8745,44.1955],[9.897,44.21],[9.928,44.1955],[9.8925,44.168],[9.928,44.166],[9.9665,44.1695],[9.979,44.161],[9.9765,44.1395],[10.002,44.1075],[10.018,44.1195],[10.046,44.1155],[10.0695,44.098],[10.066,44.086],[10.0285,44.059],[10.019,44.0445],[10.067,44.0265],[10.113,43.998],[10.143,43.9755],[10.167,43.9825],[10.184,44.0115],[10.2055,44.024],[10.2015,44.036],[10.224,44.0515],[10.2425,44.087],[10.233,44.108],[10.2135,44.1185],[10.1865,44.1235],[10.1845,44.138],[10.1995,44.1725],[10.187,44.206],[10.231,44.2285],[10.254,44.2685],[10.229,44.2965],[10.168,44.33],[10.161,44.344],[10.142,44.354],[10.099,44.346],[10.053,44.373],[10.0215,44.383],[9.9895,44.4045],[10.007,44.4315],[10.001,44.443],[9.9805,44.445],[9.9705,44.4645],[9.922,44.4725],[9.8275,44.4685],[9.732,44.3795],[9.717,44.383],[9.6865,44.366]]]},"properties":{"prov_name":"Massa-Carrara","prov_acr":"MS","reg_name":"Toscana"}},
{"type":"Feature","geometry":{"type":"Polygon","coordinates":[[[10.728,43.814],[10.721,43.831],[10.6875,43.8565],[10.687,43.8665],[10.651,43.87],[10.658,43.916],[10.6715,43.9525],[10.6715,43.981],[10.7,44.011],[10.737,44.0255],[10.719,44.044],[10.7225,44.083],[10.6825,44.1045],[10.6435,44.107],[10.624,44.1205],[10.593,44.1155],[10.5775,44.132],[10.5325,44.155],[10.523,44.175],[10.485,44.2045],[10.493,44.217],[10.47,44.226],[10.4305,44.2275],[10.4075,44.2495],[10.3715,44.2695],[10.343,44.2695],[10.2965,44.2855],[10.254,44.2685],[10.231,44.2285],[10.187,44.206],[10.1995,44.1725],[10.1845,44.138],[10.1865,44.1235],[10.2135,44.1185],[10.233,44.108],[10.2425,44.087],[10.224,44.0515],[10.2015,44.036],[10.2055,44.024],[10.184,44.0115],[10.167,43.9825],[10.143,43.9755],[10.181,43.9425],[10.231,43.883],[10.2425,43.849],[10.2595,43.8155],[10.307,43.8295],[10.32,43.823],[10.38,43.8125],[10.4185,43.8305],[10.436,43.8115],[10.452,43.8045],[10.439,43.7875],[10.4535,43.7655],[10.4695,43.766],[10.501,43.7535],[10.5275,43.761],[10.553,43.7525],[10.5965,43.76],[10.6225,43.7565],[10.646,43.796],[10.6615,43.806],[10.6875,43.8045],[10.711,43.7865],[10.728,43.814]]]},"properties":{"prov_name":"Lucca","prov_acr":"LU","reg_name":"Toscana"}},
{"type":"Feature","geometry":{"type":"Polygon","coordinates":[[[10.964,43.8125],[10.984,43.826],[11.011,43.8315],[11.026,43.856],[11.013,43.87],[11.025,43.8965],[11.018,43.911],[11.031,43.944],[11.0615,43.966],[11.0715,43.983],[11.0115,44.0055],[11.029,44.0165],[11.036,44.0405],[11.0545,44.071],[11.0495,44.09],[11.002,44.111],[11.015,44.125],[10.995,44.131],[10.9685,44.114],[10.967,44.1035],[10.9185,44.063],[10.899,44.0665],[10.903,44.086],[10.8785,44.0985],[10.8485,44.098],[10.83,44.117],[10.815,44.116],[10.7835,44.1295],[10.7605,44.15],[10.744,44.156],[10.6615,44.154],[10.641,44.16],[10.624,44.141],[10.624,44.1205],[10.6435,44.107],[10.6825,44.1045],[10.7225,44.083],[10.719,44.044],[10.737,44.0255],[10.7,44.011],[10.6715,43.981],[10.6715,43.9525],[10.658,43.916],[10.651,43.87],[10.687,43.8665],[10.6875,43.8565],[10.721,43.831],[10.728,43.814],[10.7705,43.8],[10.7875,43.7985],[10.8155,43.8085],[10.8255,43.795],[10.8475,43.803],[10.883,43.794],[10.9175,43.801],[10.942,43.8235],[10.964,43.8125]]]},"properties":{"prov_name":"Pistoia","prov_acr":"PT","reg_name":"Toscana"}},
{"type":"Feature","geometry":{"type":"Polygon","coordinates":[[[11.2025,44.1005],[11.205,44.0855],[11.189,44.077],[11.1795,44.0425],[11.191,44.032],[11.1765,44.0085],[11.18,43.9935],[11.1695,43.963],[11.175,43.9515],[11.1605,43.9355],[11.1695,43.9185],[11.1345,43.884],[11.149,43.8665],[11.1245,43.8525],[11.095,43.82],[11.0695,43.825],[11.0615,43.8145],[11.0765,43.793],[11.056,43.7805],[11.0565,43.759],[11.035,43.767],[11.024,43.7805],[10.9985,43.777],[10.985,43.785],[10.964,43.8125],[10.942,43.8235],[10.9175,43.801],[10.883,43.794],[10.8475,43.803],[10.8255,43.795],[10.8155,43.8085],[10.7875,43.7985],[10.7705,43.8],[10.728,43.814],[10.711,43.7865],[10.7355,43.756],[10.7835,43.732],[10.798,43.7055],[10.8245,43.713],[10.877,43.719],[10.892,43.6925],[10.909,43.6805],[10.916,43.6625],[10.934,43.6575],[10.902,43.6365],[10.8885,43.64],[10.8745,43.6215],[10.85,43.6255],[10.8225,43.614],[10.8345,43.6055],[10.8485,43.562],[10.829,43.55],[10.8255,43.5355],[10.8565,43.494],[10.87,43.4605],[10.911,43.4665],[10.92,43.4575],[10.9515,43.4515],[10.961,43.482],[10.9545,43.4975],[11.0115,43.536],[11.0395,43.536],[11.0735,43.526],[11.081,43.515],[11.1105,43.499],[11.1235,43.475],[11.1505,43.4875],[11.16,43.508],[11.1835,43.5225],[11.193,43.5145],[11.19,43.49],[11.2055,43.4805],[11.2435,43.4965],[11.2725,43.5295],[11.295,43.5185],[11.342,43.5285],[11.364,43.526],[11.3975,43.548],[11.408,43.5605],[11.4385,43.563],[11.4645,43.581],[11.512,43.5775],[11.516,43.5965],[11.4875,43.6275],[11.508,43.6405],[11.5415,43.6435],[11.54,43.662],[11.5805,43.6775],[11.611,43.6945],[11.5725,43.735],[11.587,43.7505],[11.583,43.768],[11.6035,43.7875],[11.605,43.81],[11.6235,43.815],[11.6295,43.846],[11.6545,43.8475],[11.6605,43.872],[11.71,43.8775],[11.717,43.922],[11.6825,43.9385],[11.689,43.959],[11.655,43.9745],[11.6455,43.9895],[11.695,44.0355],[11.7095,44.0665],[11.7345,44.0855],[11.749,44.104],[11.744,44.126],[11.716,44.1225],[11.678,44.122],[11.654,44.1025],[11.5975,44.125],[11.618,44.146],[11.6155,44.1585],[11.5525,44.1655],[11.545,44.1525],[11.525,44.1575],[11.506,44.1635],[11.48,44.184],[11.4475,44.1995],[11.4515,44.2205],[11.426,44.235],[11.3985,44.2225],[11.3805,44.2],[11.343,44.206],[11.325,44.195],[11.3225,44.182],[11.2805,44.1555],[11.2345,44.1585],[11.196,44.1435],[11.2185,44.1295],[11.26,44.116],[11.248,44.0975],[11.2025,44.1005]]]},"properties":{"prov_name":"Firenze","prov_acr":"FI","reg_name":"Toscana"}},
{"type":"Feature","geometry":{"type":"MultiPolygon","coordinates":[[[[10.7175,43.109],[10.717,43.1245],[10.6935,43.127],[10.689,43.1425],[10.663,43.146],[10.6635,43.1735],[10.649,43.1715],[10.643,43.191],[10.678,43.193],[10.6905,43.208],[10.671,43.222],[10.667,43.2655],[10.697,43.281],[10.6845,43.301],[10.652,43.2835],[10.6165,43.2825],[10.5665,43.2975],[10.562,43.3085],[10.5405,43.313],[10.53,43.3325],[10.5355,43.345],[10.5305,43.368],[10.509,43.363],[10.494,43.4005],[10.507,43.432],[10.492,43.4565],[10.491,43.47],[10.474,43.505],[10.4645,43.5405],[10.4775,43.553],[10.475,43.584],[10.486,43.5865],[10.5015,43.629],[10.478,43.6345],[10.4305,43.6315],[10.366,43.603],[10.299,43.5815],[10.2955,43.5415],[10.319,43.5105],[10.3305,43.474],[10.382,43.446],[10.407,43.409],[10.425,43.3985],[10.465,43.3165],[10.5015,43.291],[10.526,43.2405],[10.5345,43.2],[10.54,43.134],[10.5315,43.0525],[10.5155,43.0025],[10.506,42.9905],[10.483,42.9885],[10.484,42.967],[10.499,42.936],[10.521,42.9225],[10.542,42.9315],[10.5635,42.9515],[10.594,42.9545],[10.645,42.953],[10.7065,42.942],[10.7145,42.959],[10.7365,42.9725],[10.751,42.99],[10.738,43.0015],[10.7415,43.0145],[10.7775,43.0065],[10.773,43.044],[10.783,43.0565],[10.754,43.075],[10.7365,43.0675],[10.7255,43.0825],[10.7175,43.109]]],[[[10.0985,42.589],[10.0865,42.6035],[10.052,42.574],[10.1005,42.575],[10.0985,42.589]]],[[[10.2655,42.7445],[10.29,42.7385],[10.292,42.754],[10.3445,42.764],[10.3845,42.714],[10.4315,42.7125],[10.433,42.735],[10.411,42.744],[10.4015,42.7575],[10.4335,42.775],[10.4295,42.8075],[10.444,42.847],[10.4075,42.8715],[10.39,42.8505],[10.3795,42.8275],[10.3605,42.818],[10.3575,42.7995],[10.3395,42.797],[10.3175,42.8045],[10.316,42.82],[10.275,42.8175],[10.2695,42.8035],[10.2475,42.799],[10.241,42.7875],[10.2195,42.793],[10.2055,42.807],[10.1895,42.81],[10.1415,42.807],[10.1035,42.7865],[10.1035,42.7675],[10.122,42.742],[10.1515,42.7305],[10.188,42.736],[10.2365,42.726],[10.2375,42.748],[10.2655,42.7445]]],[[[9.8355,43.049],[9.8255,43.073],[9.803,43.0505],[9.796,43.026],[9.81,43.0025],[9.842,43.03],[9.8355,43.049]]],[[[10.33,42.322],[10.3275,42.3425],[10.313,42.351],[10.2925,42.3445],[10.2935,42.3175],[10.3155,42.314],[10.33,42.322]]]]},"properties":{"prov_name":"Livorno","prov_acr":"LI","reg_name":"Toscana"}},
{"type":"Feature","geometry":{"type":"Polygon","coordinates":[[[10.711,43.7865],[10.6875,43.8045],[10.6615,43.806],[10.646,43.796],[10.6225,43.7565],[10.5965,43.76],[10.553,43.7525],[10.5275,43.761],[10.501,43.7535],[10.4695,43.766],[10.4535,43.7655],[10.439,43.7875],[10.452,43.8045],[10.436,43.8115],[10.4185,43.8305],[10.38,43.8125],[10.32,43.823],[10.307,43.8295],[10.2595,43.8155],[10.2775,43.7375],[10.2825,43.6865],[10.2725,43.672],[10.2855,43.642],[10.2925,43.5945],[10.299,43.5815],[10.366,43.603],[10.4305,43.6315],[10.478,43.6345],[10.5015,43.629],[10.486,43.5865],[10.475,43.584],[10.4775,43.553],[10.4645,43.5405],[10.474,43.505],[10.491,43.47],[10.492,43.4565],[10.507,43.432],[10.494,43.4005],[10.509,43.363],[10.5305,43.368],[10.5355,43.345],[10.53,43.3325],[10.5405,43.313],[10.562,43.3085],[10.5665,43.2975],[10.6165,43.2825],[10.652,43.2835],[10.6845,43.301],[10.697,43.281],[10.667,43.2655],[10.671,43.222],[10.6905,43.208],[10.678,43.193],[10.643,43.191],[10.649,43.1715],[10.6635,43.1735],[10.663,43.146],[10.689,43.1425],[10.6935,43.127],[10.717,43.1245],[10.7175,43.109],[10.747,43.1225],[10.7555,43.154],[10.769,43.1435],[10.796,43.161],[10.8155,43.1505],[10.8395,43.157],[10.9115,43.1625],[10.911,43.1805],[10.9415,43.205],[10.9385,43.227],[10.956,43.2365],[10.989,43.231],[10.9975,43.265],[10.983,43.289],[10.952,43.302],[10.97,43.3135],[10.972,43.3445],[10.9975,43.344],[11.014,43.365],[10.9995,43.4005],[10.979,43.407],[10.9785,43.4195],[10.9515,43.4515],[10.92,43.4575],[10.911,43.4665],[10.87,43.4605],[10.8565,43.494],[10.8255,43.5355],[10.829,43.55],[10.8485,43.562],[10.8345,43.6055],[10.8225,43.614],[10.85,43.6255],[10.8745,43.6215],[10.8885,43.64],[10.902,43.6365],[10.934,43.6575],[10.916,43.6625],[10.909,43.6805],[10.892,43.6925],[10.877,43.719],[10.8245,43.713],[10.798,43.7055],[10.7835,43.732],[10.7355,43.756],[10.711,43.7865]]]},"properties":{"prov_name":"Pisa","prov_acr":"PI","reg_name":"Toscana"}},
{"type":"Feature","geometry":{"type":"MultiPolygon","coordinates":[[[[11.961,43.167],[11.9875,43.1805],[12.0065,43.1805],[12.0275,43.1915],[12.0395,43.229],[12.034,43.2465],[12.049,43.253],[12.086,43.2365],[12.122,43.255],[12.1485,43.2545],[12.1665,43.2685],[12.21,43.2825],[12.2235,43.2965],[12.194,43.313],[12.178,43.283],[12.1325,43.293],[12.1355,43.3415],[12.119,43.3645],[12.073,43.3705],[12.078,43.3985],[12.033,43.4],[12.025,43.4155],[12.057,43.4385],[12.0805,43.434],[12.1,43.448],[12.104,43.4605],[12.141,43.469],[12.131,43.4825],[12.095,43.499],[12.091,43.511],[12.1025,43.53],[12.142,43.536],[12.1625,43.5615],[12.214,43.611],[12.187,43.636],[12.2035,43.6515],[12.2325,43.6555],[12.251,43.6725],[12.2735,43.676],[12.321,43.6945],[12.33,43.707],[12.368,43.715],[12.3345,43.74],[12.327,43.751],[12.284,43.765],[12.2095,43.757],[12.1945,43.732],[12.164,43.7625],[12.1235,43.749],[12.1075,43.754],[12.077,43.7405],[12.053,43.757],[12.0065,43.7665],[11.9865,43.762],[11.9535,43.776],[11.947,43.791],[11.919,43.7935],[11.8965,43.808],[11.856,43.816],[11.8415,43.808],[11.8245,43.8155],[11.7845,43.8475],[11.7325,43.863],[11.71,43.8775],[11.6605,43.872],[11.6545,43.8475],[11.6295,43.846],[11.6235,43.815],[11.605,43.81],[11.6035,43.7875],[11.583,43.768],[11.587,43.7505],[11.5725,43.735],[11.611,43.6945],[11.5805,43.6775],[11.54,43.662],[11.5415,43.6435],[11.508,43.6405],[11.4875,43.6275],[11.516,43.5965],[11.512,43.5775],[11.4645,43.581],[11.4385,43.563],[11.408,43.5605],[11.3975,43.548],[11.425,43.5295],[11.436,43.5115],[11.453,43.513],[11.473,43.4845],[11.501,43.461],[11.5185,43.4675],[11.542,43.4425],[11.5465,43.426],[11.5295,43.3985],[11.5665,43.3635],[11.626,43.3425],[11.659,43.321],[11.678,43.2855],[11.712,43.277],[11.7215,43.2545],[11.751,43.237],[11.775,43.238],[11.7965,43.222],[11.8335,43.2245],[11.8385,43.2055],[11.8605,43.176],[11.8905,43.157],[11.9035,43.1745],[11.9305,43.1765],[11.961,43.167]]],[[[12.1765,43.8105],[12.17,43.8045],[12.186,43.774],[12.2375,43.787],[12.238,43.8005],[12.1765,43.8105]]]]},"properties":{"prov_name":"Arezzo","prov_acr":"AR","reg_name":"Toscana"}},
{"type":"Feature","geometry":{"type":"Polygon","coordinates":[[[10.9115,43.1625],[10.943,43.1605],[10.9745,43.1755],[11.0155,43.1785],[11.0215,43.189],[11.057,43.1775],[11.0605,43.155],[11.051,43.1435],[11.071,43.1235],[11.065,43.111],[11.0835,43.0835],[11.121,43.0915],[11.129,43.085],[11.167,43.0785],[11.175,43.09],[11.22,43.089],[11.282,43.0835],[11.332,43.092],[11.364,43.081],[11.3655,43.054],[11.3595,43.0415],[11.367,42.9895],[11.358,42.9675],[11.411,42.96],[11.459,42.9575],[11.4855,42.9635],[11.515,42.981],[11.5375,42.964],[11.5685,42.9705],[11.5955,42.951],[11.61,42.951],[11.624,42.9285],[11.621,42.914],[11.6245,42.865],[11.636,42.8585],[11.632,42.827],[11.6415,42.7995],[11.66,42.7885],[11.6975,42.7985],[11.746,42.786],[11.7535,42.802],[11.776,42.8205],[11.803,42.801],[11.8155,42.824],[11.8505,42.8385],[11.895,42.8345],[11.9335,42.8695],[11.9585,42.8745],[11.952,42.901],[11.9325,42.9085],[11.9485,42.962],[11.972,43.0225],[11.981,43.0565],[11.9565,43.0685],[11.9365,43.0555],[11.9235,43.075],[11.9305,43.0945],[11.921,43.1175],[11.924,43.148],[11.961,43.167],[11.9305,43.1765],[11.9035,43.1745],[11.8905,43.157],[11.8605,43.176],[11.8385,43.2055],[11.8335,43.2245],[11.7965,43.222],[11.775,43.238],[11.751,43.237],[11.7215,43.2545],[11.712,43.277],[11.678,43.2855],[11.659,43.321],[11.626,43.3425],[11.5665,43.3635],[11.5295,43.3985],[11.5465,43.426],[11.542,43.4425],[11.5185,43.4675],[11.501,43.461],[11.473,43.4845],[11.453,43.513],[11.436,43.5115],[11.425,43.5295],[11.3975,43.548],[11.364,43.526],[11.342,43.5285],[11.295,43.5185],[11.2725,43.5295],[11.2435,43.4965],[11.2055,43.4805],[11.19,43.49],[11.193,43.5145],[11.1835,43.5225],[11.16,43.508],[11.1505,43.4875],[11.1235,43.475],[11.1105,43.499],[11.081,43.515],[11.0735,43.526],[11.0395,43.536],[11.0115,43.536],[10.9545,43.4975],[10.961,43.482],[10.9515,43.4515],[10.9785,43.4195],[10.979,43.407],[10.9995,43.4005],[11.014,43.365],[10.9975,43.344],[10.972,43.3445],[10.97,43.3135],[10.952,43.302],[10.983,43.289],[10.9975,43.265],[10.989,43.231],[10.956,43.2365],[10.9385,43.227],[10.9415,43.205],[10.911,43.1805],[10.9115,43.1625]]]},"properties":{"prov_name":"Siena","prov_acr":"SI","reg_name":"Toscana"}},
{"type":"Feature","geometry":{"type":"MultiPolygon","coordinates":[[[[11.452,42.3825],[11.45,42.394],[11.482,42.42],[11.489,42.4395],[11.5165,42.4335],[11.5435,42.442],[11.6175,42.436],[11.62,42.476],[11.616,42.4885],[11.561,42.5175],[11.5685,42.5335],[11.5845,42.543],[11.5785,42.566],[11.601,42.57],[11.616,42.56],[11.657,42.577],[11.686,42.585],[11.68,42.5955],[11.7115,42.611],[11.733,42.606],[11.752,42.6255],[11.75,42.6375],[11.781,42.6345],[11.805,42.644],[11.8085,42.66],[11.7845,42.6715],[11.781,42.7055],[11.797,42.7065],[11.8185,42.746],[11.7795,42.758],[11.7595,42.782],[11.746,42.786],[11.6975,42.7985],[11.66,42.7885],[11.6415,42.7995],[11.632,42.827],[11.636,42.8585],[11.6245,42.865],[11.621,42.914],[11.624,42.9285],[11.61,42.951],[11.5955,42.951],[11.5685,42.9705],[11.5375,42.964],[11.515,42.981],[11.4855,42.9635],[11.459,42.9575],[11.411,42.96],[11.358,42.9675],[11.367,42.9895],[11.3595,43.0415],[11.3655,43.054],[11.364,43.081],[11.332,43.092],[11.282,43.0835],[11.22,43.089],[11.175,43.09],[11.167,43.0785],[11.129,43.085],[11.121,43.0915],[11.0835,43.0835],[11.065,43.111],[11.071,43.1235],[11.051,43.1435],[11.0605,43.155],[11.057,43.1775],[11.0215,43.189],[11.0155,43.1785],[10.9745,43.1755],[10.943,43.1605],[10.9115,43.1625],[10.8395,43.157],[10.8155,43.1505],[10.796,43.161],[10.769,43.1435],[10.7555,43.154],[10.747,43.1225],[10.7175,43.109],[10.7255,43.0825],[10.7365,43.0675],[10.754,43.075],[10.783,43.0565],[10.773,43.044],[10.7775,43.0065],[10.7415,43.0145],[10.738,43.0015],[10.751,42.99],[10.7365,42.9725],[10.7145,42.959],[10.7065,42.942],[10.7435,42.9275],[10.7755,42.9075],[10.7865,42.888],[10.7695,42.8695],[10.776,42.8435],[10.763,42.813],[10.7335,42.8035],[10.7845,42.7755],[10.846,42.769],[10.912,42.7535],[10.9515,42.737],[10.9825,42.713],[11.0155,42.6555],[11.0625,42.639],[11.086,42.626],[11.0815,42.6155],[11.105,42.597],[11.117,42.566],[11.158,42.562],[11.1905,42.5175],[11.1895,42.4815],[11.1825,42.46],[11.166,42.4375],[11.138,42.4345],[11.0975,42.44],[11.0895,42.4085],[11.098,42.393],[11.1425,42.3775],[11.1525,42.3615],[11.188,42.372],[11.2125,42.387],[11.2065,42.4045],[11.2435,42.4185],[11.279,42.416],[11.304,42.4075],[11.383,42.395],[11.45,42.3775],[11.452,42.3825]]],[[[10.8865,42.3895],[10.8825,42.352],[10.8995,42.3305],[10.9175,42.3195],[10.9295,42.3255],[10.9245,42.3555],[10.904,42.383],[10.8865,42.3895]]]]},"properties":{"prov_name":"Grosseto","prov_acr":"GR","reg_name":"Toscana"}},
{"type":"Feature","geometry":{"type":"Polygon","coordinates":[[[11.0495,44.09],[11.0545,44.071],[11.036,44.0405],[11.029,44.0165],[11.0115,44.0055],[11.0715,43.983],[11.0615,43.966],[11.031,43.944],[11.018,43.911],[11.025,43.8965],[11.013,43.87],[11.026,43.856],[11.011,43.8315],[10.984,43.826],[10.964,43.8125],[10.985,43.785],[10.9985,43.777],[11.024,43.7805],[11.035,43.767],[11.0565,43.759],[11.056,43.7805],[11.0765,43.793],[11.0615,43.8145],[11.0695,43.825],[11.095,43.82],[11.1245,43.8525],[11.149,43.8665],[11.1345,43.884],[11.1695,43.9185],[11.1605,43.9355],[11.175,43.9515],[11.1695,43.963],[11.18,43.9935],[11.1765,44.0085],[11.191,44.032],[11.1795,44.0425],[11.189,44.077],[11.205,44.0855],[11.2025,44.1005],[11.159,44.1125],[11.1275,44.1095],[11.093,44.0945],[11.0495,44.09]]]},"properties":{"prov_name":"Prato","prov_acr":"PO","reg_name":"Toscana"}},
{"type":"Feature","geometry":{"type":"Polygon","coordinates":[[[12.8965,42.6165],[12.9315,42.6035],[12.9535,42.619],[13.0045,42.615],[13.0155,42.632],[13.0585,42.623],[13.098,42.6365],[13.1305,42.6595],[13.144,42.6465],[13.174,42.666],[13.1735,42.6875],[13.1905,42.713],[13.189,42.7335],[13.194,42.7585],[13.2165,42.7715],[13.245,42.7725],[13.264,42.808],[13.248,42.8495],[13.2355,42.8675],[13.231,42.854],[13.1875,42.8345],[13.1545,42.8345],[13.112,42.8895],[13.0805,42.8995],[13.053,42.92],[13.038,42.9075],[13.0025,42.8955],[12.99,42.871],[12.976,42.87],[12.9685,42.9005],[12.977,42.9255],[12.9495,42.93],[12.948,42.9415],[12.896,42.9645],[12.908,42.985],[12.888,43.0095],[12.9065,43.0355],[12.89,43.059],[12.8975,43.0935],[12.885,43.0995],[12.8755,43.1235],[12.843,43.1225],[12.8325,43.1475],[12.8625,43.166],[12.868,43.195],[12.8625,43.2115],[12.8365,43.2175],[12.828,43.2355],[12.825,43.2665],[12.806,43.2705],[12.789,43.2845],[12.802,43.3075],[12.791,43.3375],[12.773,43.3505],[12.7495,43.378],[12.747,43.3905],[12.7745,43.402],[12.7795,43.414],[12.766,43.426],[12.7675,43.46],[12.736,43.464],[12.7155,43.446],[12.7095,43.425],[12.663,43.437],[12.6365,43.431],[12.625,43.4205],[12.605,43.438],[12.5645,43.46],[12.5,43.5215],[12.4805,43.5275],[12.4575,43.5175],[12.433,43.5385],[12.418,43.535],[12.399,43.513],[12.3665,43.534],[12.35,43.522],[12.333,43.5235],[12.313,43.543],[12.32,43.5535],[12.345,43.5535],[12.3735,43.5845],[12.351,43.6115],[12.263,43.589],[12.2255,43.594],[12.218,43.6035],[12.218,43.6045],[12.214,43.611],[12.1625,43.5615],[12.142,43.536],[12.1025,43.53],[12.091,43.511],[12.095,43.499],[12.131,43.4825],[12.141,43.469],[12.104,43.4605],[12.1,43.448],[12.0805,43.434],[12.057,43.4385],[12.025,43.4155],[12.033,43.4],[12.078,43.3985],[12.073,43.3705],[12.119,43.3645],[12.1355,43.3415],[12.1325,43.293],[12.178,43.283],[12.194,43.313],[12.2235,43.2965],[12.21,43.2825],[12.1665,43.2685],[12.1485,43.2545],[12.122,43.255],[12.086,43.2365],[12.049,43.253],[12.034,43.2465],[12.0395,43.229],[12.0275,43.1915],[12.0065,43.1805],[11.9875,43.1805],[11.961,43.167],[11.924,43.148],[11.921,43.1175],[11.9305,43.0945],[11.9235,43.075],[11.9365,43.0555],[11.9565,43.0685],[11.981,43.0565],[11.972,43.0225],[11.9485,42.962],[11.9325,42.9085],[11.952,42.901],[11.952,42.913],[11.998,42.9085],[11.983,42.891],[11.9585,42.8745],[11.9335,42.8695],[11.937,42.8625],[11.981,42.869],[12.0085,42.8795],[12.0115,42.9055],[12.038,42.9325],[12.0895,42.9415],[12.128,42.943],[12.1725,42.9335],[12.1885,42.9395],[12.213,42.9255],[12.255,42.92],[12.282,42.924],[12.321,42.9135],[12.304,42.894],[12.328,42.8865],[12.3275,42.8505],[12.3135,42.8335],[12.3065,42.808],[12.291,42.781],[12.2975,42.749],[12.3155,42.741],[12.33,42.7525],[12.368,42.7125],[12.3685,42.687],[12.3965,42.6765],[12.4215,42.6825],[12.4625,42.7045],[12.495,42.7345],[12.515,42.729],[12.516,42.718],[12.5735,42.714],[12.5765,42.739],[12.6035,42.7415],[12.617,42.7075],[12.58,42.7055],[12.5835,42.6885],[12.6145,42.6945],[12.622,42.6735],[12.665,42.658],[12.6755,42.644],[12.6975,42.637],[12.712,42.6225],[12.7195,42.5975],[12.7365,42.6115],[12.734,42.624],[12.75,42.634],[12.775,42.636],[12.7925,42.663],[12.808,42.657],[12.828,42.671],[12.8595,42.6675],[12.8895,42.641],[12.8965,42.6165]]]},"properties":{"prov_name":"Perugia","prov_acr":"PG","reg_name":"Umbria"}},
{"type":"Feature","geometry":{"type":"MultiPolygon","coordinates":[[[[12.8965,42.6165],[12.8895,42.641],[12.8595,42.6675],[12.828,42.671],[12.808,42.657],[12.7925,42.663],[12.775,42.636],[12.75,42.634],[12.734,42.624],[12.7365,42.6115],[12.7195,42.5975],[12.712,42.6225],[12.6975,42.637],[12.6755,42.644],[12.665,42.658],[12.622,42.6735],[12.6145,42.6945],[12.5835,42.6885],[12.58,42.7055],[12.617,42.7075],[12.6035,42.7415],[12.5765,42.739],[12.5735,42.714],[12.516,42.718],[12.515,42.729],[12.495,42.7345],[12.4625,42.7045],[12.4215,42.6825],[12.3965,42.6765],[12.3685,42.687],[12.368,42.7125],[12.33,42.7525],[12.3155,42.741],[12.2975,42.749],[12.291,42.781],[12.3065,42.808],[12.3135,42.8335],[12.3275,42.8505],[12.328,42.8865],[12.304,42.894],[12.321,42.9135],[12.282,42.924],[12.255,42.92],[12.213,42.9255],[12.1885,42.9395],[12.1725,42.9335],[12.128,42.943],[12.0895,42.9415],[12.038,42.9325],[12.0115,42.9055],[12.0085,42.8795],[11.981,42.869],[11.937,42.8625],[11.9335,42.8695],[11.895,42.8345],[11.905,42.828],[11.9315,42.7785],[11.9795,42.7645],[11.9685,42.7345],[11.949,42.7275],[11.9265,42.7045],[11.949,42.696],[11.9415,42.6835],[11.978,42.6755],[12.0245,42.6515],[12.0395,42.649],[12.0735,42.6565],[12.1195,42.65],[12.141,42.6565],[12.161,42.677],[12.1975,42.664],[12.2435,42.628],[12.229,42.6105],[12.246,42.6],[12.2385,42.572],[12.275,42.56],[12.2785,42.5415],[12.267,42.5325],[12.279,42.5065],[12.29,42.5105],[12.3165,42.4885],[12.345,42.485],[12.351,42.4735],[12.374,42.481],[12.39,42.498],[12.4035,42.5],[12.428,42.487],[12.413,42.479],[12.418,42.4585],[12.4115,42.446],[12.4225,42.4215],[12.438,42.4265],[12.4665,42.4195],[12.4445,42.399],[12.4665,42.395],[12.488,42.3985],[12.511,42.4035],[12.5135,42.3785],[12.531,42.365],[12.549,42.3825],[12.57,42.383],[12.615,42.4145],[12.612,42.436],[12.6215,42.4685],[12.6425,42.4645],[12.65,42.443],[12.666,42.441],[12.6905,42.4495],[12.703,42.461],[12.7245,42.4605],[12.7415,42.4705],[12.711,42.501],[12.7315,42.509],[12.7735,42.513],[12.773,42.5315],[12.823,42.5375],[12.848,42.553],[12.8925,42.5635],[12.8935,42.5795],[12.88,42.6025],[12.8965,42.6165]]],[[[11.952,42.901],[11.9585,42.8745],[11.983,42.891],[11.998,42.9085],[11.952,42.913],[11.952,42.901]]]]},"properties":{"prov_name":"Terni","prov_acr":"TR","reg_name":"Umbria"}},
{"type":"Feature","geometry":{"type":"Polygon","coordinates":[[[12.218,43.6035],[12.2255,43.594],[12.263,43.589],[12.351,43.6115],[12.3735,43.5845],[12.345,43.5535],[12.32,43.5535],[12.313,43.543],[12.333,43.5235],[12.35,43.522],[12.3665,43.534],[12.399,43.513],[12.418,43.535],[12.433,43.5385],[12.4575,43.5175],[12.4805,43.5275],[12.5,43.5215],[12.5645,43.46],[12.605,43.438],[12.625,43.4205],[12.6365,43.431],[12.663,43.437],[12.7095,43.425],[12.7155,43.446],[12.736,43.464],[12.7675,43.46],[12.7745,43.4715],[12.7995,43.4795],[12.806,43.504],[12.843,43.518],[12.875,43.535],[12.912,43.5635],[12.923,43.588],[12.961,43.598],[12.979,43.624],[12.9865,43.644],[13.0225,43.6745],[13.0385,43.676],[13.07,43.693],[13.0795,43.727],[13.113,43.727],[13.1375,43.733],[13.1725,43.75],[13.1285,43.777],[13.0675,43.822],[13.022,43.85],[12.9865,43.8655],[12.9075,43.923],[12.882,43.929],[12.7975,43.965],[12.7505,43.9685],[12.7555,43.962],[12.728,43.924],[12.735,43.896],[12.7225,43.8805],[12.7235,43.861],[12.6825,43.853],[12.6815,43.828],[12.6445,43.827],[12.6235,43.821],[12.601,43.8505],[12.6025,43.8635],[12.5845,43.884],[12.5415,43.864],[12.5215,43.8735],[12.4995,43.8735],[12.4875,43.8965],[12.4625,43.894],[12.4455,43.871],[12.4005,43.873],[12.391,43.845],[12.3985,43.8265],[12.366,43.8135],[12.35,43.7995],[12.316,43.8055],[12.285,43.795],[12.284,43.765],[12.327,43.751],[12.3345,43.74],[12.368,43.715],[12.33,43.707],[12.321,43.6945],[12.2735,43.676],[12.251,43.6725],[12.2325,43.6555],[12.2035,43.6515],[12.187,43.636],[12.214,43.611],[12.218,43.6045],[12.218,43.6035]]]},"properties":{"prov_name":"Pesaro e Urbino","prov_acr":"PU","reg_name":"Marche"}},
{"type":"Feature","geometry":{"type":"Polygon","coordinates":[[[13.6415,43.474],[13.623,43.5035],[13.6255,43.5505],[13.573,43.571],[13.5655,43.589],[13.5315,43.6195],[13.515,43.6245],[13.4815,43.607],[13.453,43.611],[13.414,43.6235],[13.3755,43.644],[13.355,43.648],[13.308,43.6685],[13.22,43.7175],[13.1725,43.75],[13.1375,43.733],[13.113,43.727],[13.0795,43.727],[13.07,43.693],[13.0385,43.676],[13.0225,43.6745],[12.9865,43.644],[12.979,43.624],[12.961,43.598],[12.923,43.588],[12.912,43.5635],[12.875,43.535],[12.843,43.518],[12.806,43.504],[12.7995,43.4795],[12.7745,43.4715],[12.7675,43.46],[12.766,43.426],[12.7795,43.414],[12.7745,43.402],[12.747,43.3905],[12.7495,43.378],[12.773,43.3505],[12.791,43.3375],[12.802,43.3075],[12.789,43.2845],[12.806,43.2705],[12.825,43.2665],[12.828,43.2355],[12.8365,43.2175],[12.8625,43.2115],[12.8965,43.232],[12.882,43.267],[12.9525,43.2775],[12.9805,43.289],[12.9885,43.302],[13.016,43.311],[13.0405,43.336],[13.062,43.381],[13.0865,43.398],[13.071,43.4105],[13.092,43.436],[13.154,43.414],[13.1835,43.419],[13.2105,43.417],[13.2445,43.4595],[13.267,43.46],[13.283,43.442],[13.285,43.426],[13.3205,43.397],[13.3515,43.395],[13.357,43.406],[13.43,43.4335],[13.4475,43.445],[13.481,43.4365],[13.5165,43.444],[13.533,43.4395],[13.5825,43.443],[13.588,43.4195],[13.626,43.4185],[13.6585,43.434],[13.6555,43.4475],[13.6345,43.4455],[13.602,43.4595],[13.6415,43.474]]]},"properties":{"prov_name":"Ancona","prov_acr":"AN","reg_name":"Marche"}},
{"type":"Feature","geometry":{"type":"Polygon","coordinates":[[[13.6415,43.474],[13.602,43.4595],[13.6345,43.4455],[13.6555,43.4475],[13.6585,43.434],[13.626,43.4185],[13.588,43.4195],[13.5825,43.443],[13.533,43.4395],[13.5165,43.444],[13.481,43.4365],[13.4475,43.445],[13.43,43.4335],[13.357,43.406],[13.3515,43.395],[13.3205,43.397],[13.285,43.426],[13.283,43.442],[13.267,43.46],[13.2445,43.4595],[13.2105,43.417],[13.1835,43.419],[13.154,43.414],[13.092,43.436],[13.071,43.4105],[13.0865,43.398],[13.062,43.381],[13.0405,43.336],[13.016,43.311],[12.9885,43.302],[12.9805,43.289],[12.9525,43.2775],[12.882,43.267],[12.8965,43.232],[12.8625,43.2115],[12.868,43.195],[12.8625,43.166],[12.8325,43.1475],[12.843,43.1225],[12.8755,43.1235],[12.885,43.0995],[12.8975,43.0935],[12.89,43.059],[12.9065,43.0355],[12.888,43.0095],[12.908,42.985],[12.896,42.9645],[12.948,42.9415],[12.9495,42.93],[12.977,42.9255],[12.9685,42.9005],[12.976,42.87],[12.99,42.871],[13.0025,42.8955],[13.038,42.9075],[13.053,42.92],[13.0805,42.8995],[13.112,42.8895],[13.1545,42.8345],[13.1875,42.8345],[13.231,42.854],[13.2355,42.8675],[13.242,42.892],[13.221,42.9305],[13.216,42.951],[13.243,42.9675],[13.2685,42.974],[13.3055,43.002],[13.3195,43.0025],[13.332,43.0235],[13.371,43.042],[13.392,43.0115],[13.409,43.0085],[13.4305,43.0225],[13.4595,43.021],[13.467,43.0445],[13.4655,43.0805],[13.451,43.075],[13.434,43.085],[13.43,43.111],[13.441,43.1245],[13.442,43.148],[13.462,43.1635],[13.4925,43.164],[13.5265,43.1935],[13.521,43.209],[13.566,43.2165],[13.5955,43.212],[13.609,43.2465],[13.601,43.268],[13.632,43.268],[13.684,43.2775],[13.7075,43.287],[13.743,43.294],[13.71,43.337],[13.671,43.424],[13.6415,43.474]]]},"properties":{"prov_name":"Macerata","prov_acr":"MC","reg_name":"Marche"}},
{"type":"Feature","geometry":{"type":"Polygon","coordinates":[[[13.358,42.694],[13.389,42.6875],[13.4275,42.7065],[13.452,42.734],[13.489,42.7335],[13.504,42.747],[13.5025,42.771],[13.529,42.7955],[13.5345,42.8165],[13.5715,42.8005],[13.6015,42.8065],[13.6245,42.8165],[13.6355,42.8035],[13.6635,42.807],[13.6995,42.8225],[13.725,42.8555],[13.774,42.8595],[13.816,42.8775],[13.9045,42.8945],[13.9165,42.8945],[13.893,42.9365],[13.8725,42.9875],[13.8495,43.0665],[13.8025,43.064],[13.7725,43.075],[13.723,43.061],[13.6815,43.0425],[13.657,43.042],[13.631,43.033],[13.5955,43.008],[13.5795,43.01],[13.556,42.9885],[13.5245,42.9925],[13.477,42.984],[13.4525,42.967],[13.423,42.9775],[13.4,42.963],[13.392,42.9405],[13.4095,42.925],[13.4025,42.9135],[13.38,42.9055],[13.3285,42.9215],[13.2905,42.925],[13.281,42.9115],[13.242,42.892],[13.2355,42.8675],[13.248,42.8495],[13.264,42.808],[13.245,42.7725],[13.2165,42.7715],[13.194,42.7585],[13.189,42.7335],[13.254,42.7215],[13.2645,42.74],[13.288,42.739],[13.319,42.7225],[13.341,42.702],[13.358,42.694]]]},"properties":{"prov_name":"Ascoli Piceno","prov_acr":"AP","reg_name":"Marche"}},
{"type":"Feature","geometry":{"type":"Polygon","coordinates":[[[13.8495,43.0665],[13.8445,43.0965],[13.8035,43.1725],[13.7775,43.2345],[13.743,43.294],[13.7075,43.287],[13.684,43.2775],[13.632,43.268],[13.601,43.268],[13.609,43.2465],[13.5955,43.212],[13.566,43.2165],[13.521,43.209],[13.5265,43.1935],[13.4925,43.164],[13.462,43.1635],[13.442,43.148],[13.441,43.1245],[13.43,43.111],[13.434,43.085],[13.451,43.075],[13.4655,43.0805],[13.467,43.0445],[13.4595,43.021],[13.4305,43.0225],[13.409,43.0085],[13.392,43.0115],[13.371,43.042],[13.332,43.0235],[13.3195,43.0025],[13.3055,43.002],[13.2685,42.974],[13.243,42.9675],[13.216,42.951],[13.221,42.9305],[13.242,42.892],[13.281,42.9115],[13.2905,42.925],[13.3285,42.9215],[13.38,42.9055],[13.4025,42.9135],[13.4095,42.925],[13.392,42.9405],[13.4,42.963],[13.423,42.9775],[13.4525,42.967],[13.477,42.984],[13.5245,42.9925],[13.556,42.9885],[13.5795,43.01],[13.5955,43.008],[13.631,43.033],[13.657,43.042],[13.6815,43.0425],[13.723,43.061],[13.7725,43.075],[13.8025,43.064],[13.8495,43.0665]]]},"properties":{"prov_name":"Fermo","prov_acr":"FM","reg_name":"Marche"}},
{"type":"Feature","geometry":{"type":"Polygon","coordinates":[[[11.895,42.8345],[11.8505,42.8385],[11.8155,42.824],[11.803,42.801],[11.776,42.8205],[11.7535,42.802],[11.746,42.786],[11.7595,42.782],[11.7795,42.758],[11.8185,42.746],[11.797,42.7065],[11.781,42.7055],[11.7845,42.6715],[11.8085,42.66],[11.805,42.644],[11.781,42.6345],[11.75,42.6375],[11.752,42.6255],[11.733,42.606],[11.7115,42.611],[11.68,42.5955],[11.686,42.585],[11.657,42.577],[11.616,42.56],[11.601,42.57],[11.5785,42.566],[11.5845,42.543],[11.5685,42.5335],[11.561,42.5175],[11.616,42.4885],[11.62,42.476],[11.6175,42.436],[11.5435,42.442],[11.5165,42.4335],[11.489,42.4395],[11.482,42.42],[11.45,42.394],[11.452,42.3825],[11.451,42.377],[11.5125,42.3565],[11.5565,42.3385],[11.6325,42.2955],[11.6655,42.2675],[11.695,42.2355],[11.7205,42.1905],[11.7395,42.1715],[11.734,42.158],[11.7775,42.1625],[11.802,42.1575],[11.823,42.1465],[11.828,42.167],[11.868,42.2],[11.8725,42.2185],[11.894,42.2365],[11.9115,42.241],[11.9385,42.219],[11.979,42.2065],[12.0035,42.158],[12.0295,42.153],[12.0765,42.1605],[12.118,42.1615],[12.136,42.1475],[12.1785,42.179],[12.2155,42.1865],[12.2365,42.1765],[12.2715,42.182],[12.3295,42.1465],[12.375,42.1855],[12.372,42.2115],[12.398,42.232],[12.42,42.219],[12.4115,42.182],[12.4265,42.1815],[12.4355,42.2005],[12.462,42.2055],[12.4805,42.2515],[12.5195,42.295],[12.489,42.296],[12.4745,42.3155],[12.4545,42.3575],[12.4555,42.3785],[12.4365,42.387],[12.4445,42.399],[12.4665,42.4195],[12.438,42.4265],[12.4225,42.4215],[12.4115,42.446],[12.418,42.4585],[12.413,42.479],[12.428,42.487],[12.4035,42.5],[12.39,42.498],[12.374,42.481],[12.351,42.4735],[12.345,42.485],[12.3165,42.4885],[12.29,42.5105],[12.279,42.5065],[12.267,42.5325],[12.2785,42.5415],[12.275,42.56],[12.2385,42.572],[12.246,42.6],[12.229,42.6105],[12.2435,42.628],[12.1975,42.664],[12.161,42.677],[12.141,42.6565],[12.1195,42.65],[12.0735,42.6565],[12.0395,42.649],[12.0245,42.6515],[11.978,42.6755],[11.9415,42.6835],[11.949,42.696],[11.9265,42.7045],[11.949,42.7275],[11.9685,42.7345],[11.9795,42.7645],[11.9315,42.7785],[11.905,42.828],[11.895,42.8345]]]},"properties":{"prov_name":"Viterbo","prov_acr":"VT","reg_name":"Lazio"}},
{"type":"Feature","geometry":{"type":"Polygon","coordinates":[[[13.189,42.7335],[13.1905,42.713],[13.1735,42.6875],[13.174,42.666],[13.144,42.6465],[13.1305,42.6595],[13.098,42.6365],[13.0585,42.623],[13.0155,42.632],[13.0045,42.615],[12.9535,42.619],[12.9315,42.6035],[12.8965,42.6165],[12.88,42.6025],[12.8935,42.5795],[12.8925,42.5635],[12.848,42.553],[12.823,42.5375],[12.773,42.5315],[12.7735,42.513],[12.7315,42.509],[12.711,42.501],[12.7415,42.4705],[12.7245,42.4605],[12.703,42.461],[12.6905,42.4495],[12.666,42.441],[12.65,42.443],[12.6425,42.4645],[12.6215,42.4685],[12.612,42.436],[12.615,42.4145],[12.57,42.383],[12.549,42.3825],[12.531,42.365],[12.5135,42.3785],[12.511,42.4035],[12.488,42.3985],[12.4665,42.395],[12.4445,42.399],[12.4365,42.387],[12.4555,42.3785],[12.4545,42.3575],[12.4745,42.3155],[12.489,42.296],[12.5195,42.295],[12.5575,42.2895],[12.559,42.2695],[12.6055,42.2605],[12.634,42.248],[12.6415,42.2335],[12.637,42.208],[12.613,42.202],[12.621,42.1785],[12.6565,42.151],[12.7165,42.155],[12.743,42.1665],[12.768,42.1885],[12.795,42.1805],[12.7815,42.1665],[12.8495,42.1435],[12.867,42.1035],[12.899,42.1015],[12.921,42.115],[12.9485,42.0895],[12.9675,42.12],[12.9935,42.129],[13.0305,42.1155],[13.06,42.123],[13.086,42.1445],[13.0935,42.1595],[13.087,42.178],[13.1225,42.177],[13.1585,42.1575],[13.1925,42.1585],[13.2235,42.1435],[13.237,42.129],[13.265,42.137],[13.3055,42.1385],[13.323,42.1615],[13.354,42.175],[13.352,42.1915],[13.332,42.208],[13.341,42.2175],[13.32,42.2295],[13.282,42.237],[13.271,42.254],[13.2385,42.273],[13.229,42.287],[13.2265,42.3195],[13.1915,42.3325],[13.1535,42.357],[13.1895,42.381],[13.189,42.4],[13.155,42.414],[13.142,42.429],[13.116,42.444],[13.1335,42.4585],[13.154,42.4625],[13.1785,42.4795],[13.1715,42.486],[13.178,42.5125],[13.1575,42.5275],[13.176,42.5525],[13.1745,42.5675],[13.1915,42.5875],[13.227,42.583],[13.246,42.5725],[13.2615,42.583],[13.2845,42.5825],[13.2915,42.5705],[13.327,42.58],[13.343,42.575],[13.382,42.581],[13.394,42.5915],[13.389,42.6015],[13.4065,42.629],[13.4085,42.643],[13.37,42.649],[13.3495,42.6685],[13.358,42.694],[13.341,42.702],[13.319,42.7225],[13.288,42.739],[13.2645,42.74],[13.254,42.7215],[13.189,42.7335]]]},"properties":{"prov_name":"Rieti","prov_acr":"RI","reg_name":"Lazio"}},
{"type":"Feature","geometry":{"type":"Polygon","coordinates":[[[12.5195,42.295],[12.4805,42.2515],[12.462,42.2055],[12.4355,42.2005],[12.4265,42.1815],[12.4115,42.182],[12.42,42.219],[12.398,42.232],[12.372,42.2115],[12.375,42.1855],[12.3295,42.1465],[12.2715,42.182],[12.2365,42.1765],[12.2155,42.1865],[12.1785,42.179],[12.136,42.1475],[12.118,42.1615],[12.0765,42.1605],[12.0295,42.153],[12.0035,42.158],[11.979,42.2065],[11.9385,42.219],[11.9115,42.241],[11.894,42.2365],[11.8725,42.2185],[11.868,42.2],[11.828,42.167],[11.823,42.1465],[11.802,42.1575],[11.7775,42.1625],[11.734,42.158],[11.755,42.127],[11.8075,42.0795],[11.82,42.0495],[11.845,42.03],[11.8795,42.038],[11.9155,42.0395],[11.964,42.0145],[11.98,41.9965],[12.024,41.984],[12.05,41.9565],[12.091,41.9365],[12.1245,41.9265],[12.1405,41.916],[12.1775,41.8735],[12.2035,41.8295],[12.224,41.782],[12.22,41.7705],[12.2435,41.738],[12.249,41.7375],[12.252,41.737],[12.307,41.7175],[12.352,41.697],[12.389,41.675],[12.437,41.641],[12.4675,41.615],[12.5335,41.5535],[12.5755,41.508],[12.6225,41.4445],[12.669,41.4565],[12.695,41.4495],[12.7655,41.41],[12.773,41.4165],[12.767,41.4355],[12.7385,41.447],[12.745,41.4775],[12.727,41.4835],[12.721,41.505],[12.681,41.5085],[12.6745,41.523],[12.6525,41.536],[12.5935,41.5415],[12.571,41.5775],[12.549,41.5915],[12.5555,41.6205],[12.5985,41.6515],[12.634,41.672],[12.653,41.662],[12.6565,41.649],[12.6525,41.6075],[12.662,41.598],[12.6975,41.61],[12.703,41.5955],[12.7405,41.593],[12.7525,41.578],[12.7675,41.5855],[12.7925,41.623],[12.84,41.665],[12.8545,41.6915],[12.8365,41.704],[12.851,41.715],[12.8685,41.703],[12.896,41.7115],[12.9155,41.708],[12.939,41.7135],[12.947,41.6985],[12.943,41.674],[12.9815,41.6465],[13.025,41.5995],[13.0085,41.581],[13.034,41.5725],[13.0575,41.5735],[13.0965,41.5545],[13.113,41.5535],[13.167,41.574],[13.175,41.5835],[13.1505,41.5965],[13.159,41.6345],[13.147,41.6605],[13.1235,41.6645],[13.091,41.6875],[13.0945,41.7055],[13.074,41.7245],[13.0585,41.7275],[13.0515,41.7425],[13.0345,41.7435],[13.0085,41.7685],[12.9925,41.773],[13.01,41.8255],[13.035,41.832],[13.0655,41.8315],[13.071,41.8535],[13.1015,41.8605],[13.122,41.8475],[13.1545,41.8435],[13.191,41.8505],[13.1945,41.869],[13.213,41.8755],[13.244,41.8965],[13.244,41.914],[13.27,41.924],[13.2965,41.9485],[13.2315,41.9815],[13.199,41.9865],[13.165,42],[13.14,42.0155],[13.1075,42.025],[13.1015,42.0095],[13.058,42.0155],[13.0465,42.0355],[13.0265,42.05],[13.0185,42.075],[13.033,42.107],[13.0305,42.1155],[12.9935,42.129],[12.9675,42.12],[12.9485,42.0895],[12.921,42.115],[12.899,42.1015],[12.867,42.1035],[12.8495,42.1435],[12.7815,42.1665],[12.795,42.1805],[12.768,42.1885],[12.743,42.1665],[12.7165,42.155],[12.6565,42.151],[12.621,42.1785],[12.613,42.202],[12.637,42.208],[12.6415,42.2335],[12.634,42.248],[12.6055,42.2605],[12.559,42.2695],[12.5575,42.2895],[12.5195,42.295]]]},"properties":{"prov_name":"Roma","prov_acr":"RM","reg_name":"Lazio"}},
{"type":"Feature","geometry":{"type":"MultiPolygon","coordinates":[[[[13.175,41.5835],[13.167,41.574],[13.113,41.5535],[13.0965,41.5545],[13.0575,41.5735],[13.034,41.5725],[13.0085,41.581],[13.025,41.5995],[12.9815,41.6465],[12.943,41.674],[12.947,41.6985],[12.939,41.7135],[12.9155,41.708],[12.896,41.7115],[12.8685,41.703],[12.851,41.715],[12.8365,41.704],[12.8545,41.6915],[12.84,41.665],[12.7925,41.623],[12.7675,41.5855],[12.7525,41.578],[12.7405,41.593],[12.703,41.5955],[12.6975,41.61],[12.662,41.598],[12.6525,41.6075],[12.6565,41.649],[12.653,41.662],[12.634,41.672],[12.5985,41.6515],[12.5555,41.6205],[12.549,41.5915],[12.571,41.5775],[12.5935,41.5415],[12.6525,41.536],[12.6745,41.523],[12.681,41.5085],[12.721,41.505],[12.727,41.4835],[12.745,41.4775],[12.7385,41.447],[12.767,41.4355],[12.773,41.4165],[12.827,41.4155],[12.8765,41.4035],[12.92,41.3815],[12.95,41.3625],[12.98,41.3355],[13.0175,41.286],[13.0455,41.227],[13.0685,41.2215],[13.0945,41.2245],[13.1055,41.241],[13.143,41.2635],[13.181,41.278],[13.206,41.283],[13.2515,41.283],[13.2665,41.295],[13.2915,41.2975],[13.356,41.2865],[13.4085,41.269],[13.47,41.2375],[13.485,41.238],[13.519,41.225],[13.5475,41.2075],[13.5755,41.204],[13.5685,41.231],[13.5825,41.246],[13.621,41.2605],[13.665,41.2535],[13.6805,41.2445],[13.706,41.254],[13.762,41.2225],[13.7735,41.2425],[13.817,41.2435],[13.84,41.2635],[13.8275,41.2775],[13.851,41.2895],[13.8825,41.291],[13.8945,41.3105],[13.8735,41.3385],[13.844,41.3305],[13.818,41.337],[13.82,41.3215],[13.763,41.3015],[13.7375,41.327],[13.715,41.3355],[13.7015,41.3595],[13.6825,41.3395],[13.668,41.343],[13.6545,41.3205],[13.6175,41.3195],[13.592,41.353],[13.5605,41.368],[13.579,41.3805],[13.548,41.4195],[13.5115,41.4235],[13.4555,41.4495],[13.4455,41.465],[13.4285,41.456],[13.4385,41.425],[13.4275,41.3975],[13.4035,41.4025],[13.3045,41.4045],[13.284,41.4245],[13.2545,41.4325],[13.262,41.4475],[13.299,41.471],[13.2795,41.5],[13.273,41.5205],[13.243,41.539],[13.2215,41.539],[13.2,41.557],[13.1975,41.587],[13.175,41.5835]]],[[[12.9675,40.9215],[12.949,40.9175],[12.9425,40.901],[12.959,40.897],[12.9675,40.9215]]]]},"properties":{"prov_name":"Latina","prov_acr":"LT","reg_name":"Lazio"}},
{"type":"Feature","geometry":{"type":"Polygon","coordinates":[[[13.978,41.4625],[13.993,41.482],[13.973,41.494],[13.995,41.513],[14.022,41.527],[14.0235,41.561],[14.0045,41.5665],[13.998,41.5795],[14.011,41.6075],[13.9965,41.624],[13.9885,41.654],[13.9675,41.674],[13.941,41.688],[13.9195,41.717],[13.8975,41.732],[13.8805,41.7285],[13.8235,41.741],[13.81,41.754],[13.79,41.743],[13.766,41.7485],[13.7495,41.7605],[13.7485,41.7735],[13.7165,41.7975],[13.6925,41.7915],[13.663,41.8115],[13.6385,41.8045],[13.6315,41.7825],[13.586,41.7665],[13.576,41.755],[13.5205,41.773],[13.5045,41.8015],[13.464,41.8095],[13.4515,41.823],[13.4075,41.8375],[13.3915,41.82],[13.367,41.833],[13.36,41.8695],[13.384,41.904],[13.3565,41.9255],[13.3375,41.926],[13.3225,41.945],[13.2965,41.9485],[13.27,41.924],[13.244,41.914],[13.244,41.8965],[13.213,41.8755],[13.1945,41.869],[13.191,41.8505],[13.1545,41.8435],[13.122,41.8475],[13.1015,41.8605],[13.071,41.8535],[13.0655,41.8315],[13.035,41.832],[13.01,41.8255],[12.9925,41.773],[13.0085,41.7685],[13.0345,41.7435],[13.0515,41.7425],[13.0585,41.7275],[13.074,41.7245],[13.0945,41.7055],[13.091,41.6875],[13.1235,41.6645],[13.147,41.6605],[13.159,41.6345],[13.1505,41.5965],[13.175,41.5835],[13.1975,41.587],[13.2,41.557],[13.2215,41.539],[13.243,41.539],[13.273,41.5205],[13.2795,41.5],[13.299,41.471],[13.262,41.4475],[13.2545,41.4325],[13.284,41.4245],[13.3045,41.4045],[13.4035,41.4025],[13.4275,41.3975],[13.4385,41.425],[13.4285,41.456],[13.4455,41.465],[13.4555,41.4495],[13.5115,41.4235],[13.548,41.4195],[13.579,41.3805],[13.5605,41.368],[13.592,41.353],[13.6175,41.3195],[13.6545,41.3205],[13.668,41.343],[13.6825,41.3395],[13.7015,41.3595],[13.715,41.3355],[13.7375,41.327],[13.763,41.3015],[13.82,41.3215],[13.818,41.337],[13.844,41.3305],[13.8735,41.3385],[13.8735,41.3745],[13.8865,41.3845],[13.862,41.418],[13.875,41.4265],[13.911,41.4285],[13.961,41.4635],[13.978,41.4625]]]},"properties":{"prov_name":"Frosinone","prov_acr":"FR","reg_name":"Lazio"}},
{"type":"Feature","geometry":{"type":"Polygon","coordinates":[[[13.941,41.688],[13.9565,41.6955],[13.9945,41.6935],[14.019,41.6825],[14.027,41.7025],[14.053,41.7015],[14.0535,41.7195],[14.0695,41.737],[14.088,41.739],[14.1035,41.7185],[14.1155,41.737],[14.1585,41.747],[14.194,41.748],[14.202,41.767],[14.1705,41.7795],[14.1645,41.8095],[14.147,41.8275],[14.1555,41.8395],[14.217,41.854],[14.2295,41.877],[14.183,41.9035],[14.132,41.8905],[14.1065,41.8935],[14.0925,41.9265],[14.098,41.945],[14.09,41.9975],[14.0815,42.0185],[14.0905,42.041],[14.104,42.049],[14.1,42.0745],[14.085,42.0865],[14.0305,42.083],[14.009,42.073],[13.9765,42.1025],[13.962,42.1245],[13.934,42.1305],[13.905,42.1485],[13.899,42.1655],[13.86,42.1595],[13.8525,42.146],[13.798,42.149],[13.796,42.183],[13.811,42.1965],[13.809,42.2475],[13.8425,42.2565],[13.8445,42.281],[13.826,42.299],[13.8245,42.316],[13.8115,42.3315],[13.799,42.366],[13.8085,42.3785],[13.7875,42.3915],[13.7655,42.42],[13.749,42.434],[13.702,42.444],[13.6705,42.4385],[13.622,42.451],[13.5605,42.457],[13.552,42.448],[13.5245,42.4505],[13.5255,42.4725],[13.4755,42.483],[13.452,42.4965],[13.4095,42.538],[13.4045,42.5735],[13.394,42.5915],[13.382,42.581],[13.343,42.575],[13.327,42.58],[13.2915,42.5705],[13.2845,42.5825],[13.2615,42.583],[13.246,42.5725],[13.227,42.583],[13.1915,42.5875],[13.1745,42.5675],[13.176,42.5525],[13.1575,42.5275],[13.178,42.5125],[13.1715,42.486],[13.1785,42.4795],[13.154,42.4625],[13.1335,42.4585],[13.116,42.444],[13.142,42.429],[13.155,42.414],[13.189,42.4],[13.1895,42.381],[13.1535,42.357],[13.1915,42.3325],[13.2265,42.3195],[13.229,42.287],[13.2385,42.273],[13.271,42.254],[13.282,42.237],[13.32,42.2295],[13.341,42.2175],[13.332,42.208],[13.352,42.1915],[13.354,42.175],[13.323,42.1615],[13.3055,42.1385],[13.265,42.137],[13.237,42.129],[13.2235,42.1435],[13.1925,42.1585],[13.1585,42.1575],[13.1225,42.177],[13.087,42.178],[13.0935,42.1595],[13.086,42.1445],[13.06,42.123],[13.0305,42.1155],[13.033,42.107],[13.0185,42.075],[13.0265,42.05],[13.0465,42.0355],[13.058,42.0155],[13.1015,42.0095],[13.1075,42.025],[13.14,42.0155],[13.165,42],[13.199,41.9865],[13.2315,41.9815],[13.2965,41.9485],[13.3225,41.945],[13.3375,41.926],[13.3565,41.9255],[13.384,41.904],[13.36,41.8695],[13.367,41.833],[13.3915,41.82],[13.4075,41.8375],[13.4515,41.823],[13.464,41.8095],[13.5045,41.8015],[13.5205,41.773],[13.576,41.755],[13.586,41.7665],[13.6315,41.7825],[13.6385,41.8045],[13.663,41.8115],[13.6925,41.7915],[13.7165,41.7975],[13.7485,41.7735],[13.7495,41.7605],[13.766,41.7485],[13.79,41.743],[13.81,41.754],[13.8235,41.741],[13.8805,41.7285],[13.8975,41.732],[13.9195,41.717],[13.941,41.688]]]},"properties":{"prov_name":"L'Aquila","prov_acr":"AQ","reg_name":"Abruzzo"}},
{"type":"Feature","geometry":{"type":"Polygon","coordinates":[[[14.1465,42.5305],[14.104,42.5685],[14.0755,42.6015],[14.039,42.655],[13.996,42.7085],[13.9745,42.7515],[13.961,42.77],[13.9405,42.8145],[13.9165,42.8945],[13.9045,42.8945],[13.816,42.8775],[13.774,42.8595],[13.725,42.8555],[13.6995,42.8225],[13.6635,42.807],[13.6355,42.8035],[13.6245,42.8165],[13.6015,42.8065],[13.5715,42.8005],[13.5345,42.8165],[13.529,42.7955],[13.5025,42.771],[13.504,42.747],[13.489,42.7335],[13.452,42.734],[13.4275,42.7065],[13.389,42.6875],[13.358,42.694],[13.3495,42.6685],[13.37,42.649],[13.4085,42.643],[13.4065,42.629],[13.389,42.6015],[13.394,42.5915],[13.4045,42.5735],[13.4095,42.538],[13.452,42.4965],[13.4755,42.483],[13.5255,42.4725],[13.5245,42.4505],[13.552,42.448],[13.5605,42.457],[13.622,42.451],[13.6705,42.4385],[13.702,42.444],[13.749,42.434],[13.7655,42.42],[13.806,42.476],[13.8105,42.493],[13.838,42.498],[13.8625,42.487],[13.884,42.4895],[13.8845,42.509],[13.9155,42.5065],[13.926,42.515],[13.958,42.5055],[13.952,42.5295],[13.99,42.542],[14.0575,42.5305],[14.0665,42.5445],[14.087,42.543],[14.099,42.532],[14.1295,42.527],[14.1465,42.5305]]]},"properties":{"prov_name":"Teramo","prov_acr":"TE","reg_name":"Abruzzo"}},
{"type":"Feature","geometry":{"type":"Polygon","coordinates":[[[13.7655,42.42],[13.7875,42.3915],[13.8085,42.3785],[13.799,42.366],[13.8115,42.3315],[13.8245,42.316],[13.826,42.299],[13.8445,42.281],[13.8425,42.2565],[13.809,42.2475],[13.811,42.1965],[13.796,42.183],[13.798,42.149],[13.8525,42.146],[13.86,42.1595],[13.899,42.1655],[13.905,42.1485],[13.934,42.1305],[13.962,42.1245],[13.9765,42.1025],[14.009,42.073],[14.0305,42.083],[14.085,42.0865],[14.09,42.0985],[14.115,42.107],[14.1095,42.137],[14.129,42.159],[14.096,42.186],[14.0935,42.201],[14.1175,42.222],[14.1065,42.2575],[14.1115,42.2915],[14.0795,42.317],[14.0835,42.332],[14.12,42.3355],[14.136,42.388],[14.1565,42.393],[14.157,42.417],[14.1715,42.4365],[14.2285,42.4155],[14.2545,42.445],[14.233,42.4655],[14.206,42.4785],[14.1465,42.5305],[14.1295,42.527],[14.099,42.532],[14.087,42.543],[14.0665,42.5445],[14.0575,42.5305],[13.99,42.542],[13.952,42.5295],[13.958,42.5055],[13.926,42.515],[13.9155,42.5065],[13.8845,42.509],[13.884,42.4895],[13.8625,42.487],[13.838,42.498],[13.8105,42.493],[13.806,42.476],[13.7655,42.42]]]},"properties":{"prov_name":"Pescara","prov_acr":"PE","reg_name":"Abruzzo"}},
{"type":"Feature","geometry":{"type":"Polygon","coordinates":[[[14.2295,41.877],[14.2465,41.8825],[14.2795,41.9095],[14.3025,41.894],[14.3245,41.8955],[14.3435,41.869],[14.376,41.8785],[14.394,41.8705],[14.4455,41.838],[14.4545,41.796],[14.465,41.777],[14.4545,41.765],[14.4855,41.7595],[14.499,41.773],[14.5335,41.7915],[14.551,41.8165],[14.568,41.818],[14.5985,41.8535],[14.614,41.889],[14.6415,41.8995],[14.664,41.9165],[14.67,41.948],[14.727,42.003],[14.766,42.018],[14.782,42.035],[14.7615,42.0415],[14.7795,42.07],[14.7515,42.0805],[14.718,42.1075],[14.717,42.17],[14.621,42.1995],[14.563,42.224],[14.5085,42.2525],[14.5025,42.272],[14.441,42.3125],[14.41,42.348],[14.41,42.358],[14.321,42.405],[14.2545,42.445],[14.2285,42.4155],[14.1715,42.4365],[14.157,42.417],[14.1565,42.393],[14.136,42.388],[14.12,42.3355],[14.0835,42.332],[14.0795,42.317],[14.1115,42.2915],[14.1065,42.2575],[14.1175,42.222],[14.0935,42.201],[14.096,42.186],[14.129,42.159],[14.1095,42.137],[14.115,42.107],[14.09,42.0985],[14.085,42.0865],[14.1,42.0745],[14.104,42.049],[14.0905,42.041],[14.0815,42.0185],[14.09,41.9975],[14.098,41.945],[14.0925,41.9265],[14.1065,41.8935],[14.132,41.8905],[14.183,41.9035],[14.2295,41.877]]]},"properties":{"prov_name":"Chieti","prov_acr":"CH","reg_name":"Abruzzo"}},
{"type":"Feature","geometry":{"type":"Polygon","coordinates":[[[14.3825,41.4435],[14.4125,41.441],[14.4275,41.429],[14.454,41.428],[14.478,41.41],[14.4885,41.3905],[14.505,41.3825],[14.5225,41.385],[14.5515,41.3795],[14.5665,41.392],[14.603,41.364],[14.634,41.3875],[14.6715,41.4065],[14.6995,41.411],[14.7175,41.401],[14.7645,41.4175],[14.774,41.4455],[14.79,41.4525],[14.843,41.4265],[14.8675,41.428],[14.8845,41.445],[14.9465,41.456],[14.9825,41.469],[15.0075,41.4865],[14.9665,41.519],[14.937,41.528],[14.9385,41.5505],[14.9485,41.574],[14.947,41.6095],[14.935,41.6215],[14.956,41.6435],[14.9885,41.638],[14.9915,41.629],[15.0225,41.622],[15.0255,41.634],[15.0445,41.6405],[15.0485,41.6555],[15.0695,41.66],[15.106,41.6855],[15.1335,41.698],[15.1435,41.7115],[15.121,41.72],[15.103,41.7415],[15.11,41.754],[15.0975,41.766],[15.101,41.782],[15.115,41.7895],[15.1165,41.8145],[15.1005,41.834],[15.1035,41.8465],[15.1235,41.8595],[15.139,41.8795],[15.1315,41.903],[15.138,41.9265],[15.0895,41.9385],[14.9935,42.005],[14.9155,42.0175],[14.859,42.0345],[14.7795,42.07],[14.7615,42.0415],[14.782,42.035],[14.766,42.018],[14.727,42.003],[14.67,41.948],[14.664,41.9165],[14.6415,41.8995],[14.614,41.889],[14.5985,41.8535],[14.568,41.818],[14.551,41.8165],[14.5335,41.7915],[14.499,41.773],[14.4855,41.7595],[14.476,41.746],[14.5135,41.7315],[14.521,41.699],[14.501,41.6855],[14.4695,41.6785],[14.4335,41.6565],[14.448,41.645],[14.48,41.6315],[14.5095,41.609],[14.4915,41.588],[14.4935,41.5725],[14.47,41.5565],[14.447,41.5185],[14.428,41.5245],[14.39,41.505],[14.3875,41.481],[14.378,41.453],[14.3825,41.4435]]]},"properties":{"prov_name":"Campobasso","prov_acr":"CB","reg_name":"Molise"}},
{"type":"Feature","geometry":{"type":"Polygon","coordinates":[[[14.4855,41.7595],[14.4545,41.765],[14.465,41.777],[14.4545,41.796],[14.4455,41.838],[14.394,41.8705],[14.376,41.8785],[14.3435,41.869],[14.3245,41.8955],[14.3025,41.894],[14.2795,41.9095],[14.2465,41.8825],[14.2295,41.877],[14.217,41.854],[14.1555,41.8395],[14.147,41.8275],[14.1645,41.8095],[14.1705,41.7795],[14.202,41.767],[14.194,41.748],[14.1585,41.747],[14.1155,41.737],[14.1035,41.7185],[14.088,41.739],[14.0695,41.737],[14.0535,41.7195],[14.053,41.7015],[14.027,41.7025],[14.019,41.6825],[13.9945,41.6935],[13.9565,41.6955],[13.941,41.688],[13.9675,41.674],[13.9885,41.654],[13.9965,41.624],[14.011,41.6075],[13.998,41.5795],[14.0045,41.5665],[14.0235,41.561],[14.022,41.527],[13.995,41.513],[13.973,41.494],[13.993,41.482],[13.978,41.4625],[14.006,41.453],[14.005,41.425],[14.0175,41.4235],[14.0425,41.393],[14.085,41.4],[14.1075,41.4165],[14.0785,41.447],[14.1255,41.5075],[14.1515,41.4825],[14.1675,41.4945],[14.205,41.5],[14.2415,41.4965],[14.2495,41.4845],[14.2775,41.486],[14.327,41.4535],[14.342,41.454],[14.3825,41.4435],[14.378,41.453],[14.3875,41.481],[14.39,41.505],[14.428,41.5245],[14.447,41.5185],[14.47,41.5565],[14.4935,41.5725],[14.4915,41.588],[14.5095,41.609],[14.48,41.6315],[14.448,41.645],[14.4335,41.6565],[14.4695,41.6785],[14.501,41.6855],[14.521,41.699],[14.5135,41.7315],[14.476,41.746],[14.4855,41.7595]]]},"properties":{"prov_name":"Isernia","prov_acr":"IS","reg_name":"Molise"}},
{"type":"Feature","geometry":{"type":"Polygon","coordinates":[[[14.531,41.0135],[14.507,41.0555],[14.474,41.0425],[14.4205,41.0525],[14.437,41.096],[14.397,41.1215],[14.388,41.1345],[14.3665,41.137],[14.3555,41.1565],[14.381,41.1565],[14.4105,41.1425],[14.43,41.139],[14.439,41.1555],[14.46,41.1545],[14.467,41.1705],[14.4285,41.2235],[14.418,41.2225],[14.42,41.2545],[14.4385,41.282],[14.4535,41.2935],[14.489,41.3005],[14.475,41.338],[14.439,41.3465],[14.456,41.372],[14.505,41.3825],[14.4885,41.3905],[14.478,41.41],[14.454,41.428],[14.4275,41.429],[14.4125,41.441],[14.3825,41.4435],[14.342,41.454],[14.327,41.4535],[14.2775,41.486],[14.2495,41.4845],[14.2415,41.4965],[14.205,41.5],[14.1675,41.4945],[14.1515,41.4825],[14.1255,41.5075],[14.0785,41.447],[14.1075,41.4165],[14.085,41.4],[14.0425,41.393],[14.0175,41.4235],[14.005,41.425],[14.006,41.453],[13.978,41.4625],[13.961,41.4635],[13.911,41.4285],[13.875,41.4265],[13.862,41.418],[13.8865,41.3845],[13.8735,41.3745],[13.8735,41.3385],[13.8945,41.3105],[13.8825,41.291],[13.851,41.2895],[13.8275,41.2775],[13.84,41.2635],[13.817,41.2435],[13.7735,41.2425],[13.762,41.2225],[13.814,41.1845],[13.8355,41.163],[13.8905,41.096],[13.9025,41.0765],[13.9225,41.0265],[13.978,40.9765],[13.9965,40.9565],[14.0325,40.899],[14.029,40.925],[14.018,40.948],[14.0475,40.959],[14.0925,40.96],[14.112,40.979],[14.1405,40.979],[14.157,40.9515],[14.197,40.954],[14.225,40.951],[14.2635,40.9615],[14.2845,40.9605],[14.2975,41.0045],[14.3185,41.001],[14.3945,41.0005],[14.415,40.997],[14.4195,40.9815],[14.477,40.9815],[14.492,40.994],[14.521,40.987],[14.5345,40.9975],[14.531,41.0135]]]},"properties":{"prov_name":"Caserta","prov_acr":"CE","reg_name":"Campania"}},
{"type":"Feature","geometry":{"type":"MultiPolygon","coordinates":[[[[14.572,41.0095],[14.568,41.0205],[14.5885,41.034],[14.6015,41.058],[14.618,41.049],[14.6495,41.0455],[14.667,41.058],[14.7015,41.0555],[14.7295,41.042],[14.7285,41.028],[14.753,41.009],[14.77,41.011],[14.7765,41.041],[14.806,41.059],[14.8065,41.0405],[14.8295,41.035],[14.8635,41.0485],[14.8705,41.059],[14.975,41.0935],[15.011,41.118],[14.9955,41.133],[14.9955,41.1505],[14.967,41.151],[14.962,41.1755],[15.005,41.208],[14.987,41.232],[14.9815,41.26],[14.986,41.271],[15.052,41.2585],[15.0665,41.268],[15.0815,41.253],[15.095,41.2595],[15.123,41.2565],[15.149,41.2805],[15.127,41.303],[15.1305,41.317],[15.072,41.3325],[15.0585,41.372],[15.0815,41.3875],[15.099,41.434],[15.0765,41.433],[15.0325,41.4525],[15.024,41.477],[15.0075,41.4865],[14.9825,41.469],[14.9465,41.456],[14.8845,41.445],[14.8675,41.428],[14.843,41.4265],[14.79,41.4525],[14.774,41.4455],[14.7645,41.4175],[14.7175,41.401],[14.6995,41.411],[14.6715,41.4065],[14.634,41.3875],[14.603,41.364],[14.5665,41.392],[14.5515,41.3795],[14.5225,41.385],[14.505,41.3825],[14.456,41.372],[14.439,41.3465],[14.475,41.338],[14.489,41.3005],[14.4535,41.2935],[14.4385,41.282],[14.42,41.2545],[14.418,41.2225],[14.4285,41.2235],[14.467,41.1705],[14.46,41.1545],[14.439,41.1555],[14.43,41.139],[14.4105,41.1425],[14.381,41.1565],[14.3555,41.1565],[14.3665,41.137],[14.388,41.1345],[14.397,41.1215],[14.437,41.096],[14.4205,41.0525],[14.474,41.0425],[14.507,41.0555],[14.531,41.0135],[14.5405,41.02],[14.572,41.0095]]],[[[14.7155,41.007],[14.7045,41.0255],[14.679,41.0195],[14.686,41.008],[14.68,40.9815],[14.691,40.976],[14.7155,41.007]]]]},"properties":{"prov_name":"Benevento","prov_acr":"BN","reg_name":"Campania"}},
{"type":"Feature","geometry":{"type":"MultiPolygon","coordinates":[[[[14.531,41.0135],[14.5345,40.9975],[14.521,40.987],[14.492,40.994],[14.477,40.9815],[14.4195,40.9815],[14.415,40.997],[14.3945,41.0005],[14.3185,41.001],[14.2975,41.0045],[14.2845,40.9605],[14.2635,40.9615],[14.225,40.951],[14.197,40.954],[14.157,40.9515],[14.1405,40.979],[14.112,40.979],[14.0925,40.96],[14.0475,40.959],[14.018,40.948],[14.029,40.925],[14.0325,40.899],[14.045,40.865],[14.048,40.8355],[14.0415,40.791],[14.077,40.7875],[14.085,40.7935],[14.0775,40.8255],[14.1075,40.8315],[14.121,40.8205],[14.156,40.818],[14.159,40.808],[14.1875,40.7925],[14.2215,40.8255],[14.2205,40.8265],[14.274,40.8445],[14.3165,40.825],[14.3605,40.785],[14.36,40.7855],[14.3955,40.7595],[14.4135,40.7525],[14.447,40.7545],[14.466,40.736],[14.482,40.7005],[14.439,40.682],[14.4295,40.6655],[14.408,40.6515],[14.3995,40.638],[14.3645,40.6275],[14.352,40.6345],[14.3205,40.588],[14.3245,40.569],[14.3525,40.582],[14.408,40.5995],[14.419,40.6105],[14.4685,40.62],[14.4625,40.626],[14.482,40.6475],[14.5105,40.6455],[14.518,40.622],[14.5445,40.6215],[14.5775,40.6275],[14.5805,40.637],[14.558,40.6615],[14.5905,40.6905],[14.577,40.7015],[14.5605,40.7315],[14.5205,40.735],[14.507,40.773],[14.545,40.778],[14.5525,40.7925],[14.588,40.8055],[14.5905,40.818],[14.5645,40.835],[14.571,40.847],[14.6055,40.8475],[14.577,40.8805],[14.5745,40.909],[14.593,40.9145],[14.6205,40.9115],[14.6125,40.929],[14.5855,40.934],[14.577,40.9635],[14.581,40.9945],[14.572,41.0095],[14.5405,41.02],[14.531,41.0135]]],[[[14.231,40.5415],[14.2405,40.5555],[14.198,40.5595],[14.198,40.537],[14.231,40.5415]]],[[[13.954,40.7075],[13.9655,40.7125],[13.955,40.7405],[13.924,40.75],[13.877,40.757],[13.8585,40.738],[13.861,40.7175],[13.8735,40.697],[13.91,40.701],[13.9235,40.6975],[13.954,40.7075]]]]},"properties":{"prov_name":"Napoli","prov_acr":"NA","reg_name":"Campania"}},
{"type":"Feature","geometry":{"type":"Polygon","coordinates":[[[15.149,41.2805],[15.123,41.2565],[15.095,41.2595],[15.0815,41.253],[15.0665,41.268],[15.052,41.2585],[14.986,41.271],[14.9815,41.26],[14.987,41.232],[15.005,41.208],[14.962,41.1755],[14.967,41.151],[14.9955,41.1505],[14.9955,41.133],[15.011,41.118],[14.975,41.0935],[14.8705,41.059],[14.8635,41.0485],[14.8295,41.035],[14.8065,41.0405],[14.806,41.059],[14.7765,41.041],[14.77,41.011],[14.753,41.009],[14.7285,41.028],[14.7295,41.042],[14.7015,41.0555],[14.667,41.058],[14.6495,41.0455],[14.618,41.049],[14.6015,41.058],[14.5885,41.034],[14.568,41.0205],[14.572,41.0095],[14.581,40.9945],[14.577,40.9635],[14.5855,40.934],[14.6125,40.929],[14.6205,40.9115],[14.593,40.9145],[14.5745,40.909],[14.577,40.8805],[14.6055,40.8475],[14.6195,40.8455],[14.667,40.8225],[14.686,40.8415],[14.7245,40.8385],[14.73,40.8215],[14.7475,40.8035],[14.7745,40.8055],[14.793,40.7985],[14.813,40.8045],[14.827,40.794],[14.8445,40.7995],[14.8755,40.797],[14.9175,40.8095],[14.9185,40.801],[14.9455,40.788],[14.978,40.7855],[15.0125,40.7745],[15.0285,40.7815],[15.071,40.7705],[15.1395,40.757],[15.1455,40.733],[15.169,40.7065],[15.2025,40.7155],[15.247,40.7175],[15.2405,40.7345],[15.239,40.7675],[15.2515,40.7875],[15.2785,40.797],[15.2955,40.838],[15.335,40.835],[15.3785,40.8405],[15.3785,40.8675],[15.4025,40.8815],[15.4445,40.877],[15.4605,40.867],[15.473,40.875],[15.4675,40.8895],[15.5265,40.9075],[15.5425,40.9465],[15.5665,40.969],[15.572,40.999],[15.543,41.056],[15.4895,41.07],[15.4785,41.0785],[15.446,41.078],[15.4275,41.093],[15.3965,41.107],[15.3675,41.085],[15.3515,41.095],[15.3145,41.104],[15.2915,41.0935],[15.267,41.1065],[15.2355,41.14],[15.211,41.1485],[15.2095,41.1675],[15.2275,41.185],[15.2575,41.1975],[15.246,41.236],[15.28,41.241],[15.247,41.2715],[15.2165,41.275],[15.201,41.2865],[15.149,41.2805]],[[14.7155,41.007],[14.691,40.976],[14.68,40.9815],[14.686,41.008],[14.679,41.0195],[14.7045,41.0255],[14.7155,41.007]]]},"properties":{"prov_name":"Avellino","prov_acr":"AV","reg_name":"Campania"}},
{"type":"Feature","geometry":{"type":"Polygon","coordinates":[[[15.335,40.835],[15.2955,40.838],[15.2785,40.797],[15.2515,40.7875],[15.239,40.7675],[15.2405,40.7345],[15.247,40.7175],[15.2025,40.7155],[15.169,40.7065],[15.1455,40.733],[15.1395,40.757],[15.071,40.7705],[15.0285,40.7815],[15.0125,40.7745],[14.978,40.7855],[14.9455,40.788],[14.9185,40.801],[14.9175,40.8095],[14.8755,40.797],[14.8445,40.7995],[14.827,40.794],[14.813,40.8045],[14.793,40.7985],[14.7745,40.8055],[14.7475,40.8035],[14.73,40.8215],[14.7245,40.8385],[14.686,40.8415],[14.667,40.8225],[14.6195,40.8455],[14.6055,40.8475],[14.571,40.847],[14.5645,40.835],[14.5905,40.818],[14.588,40.8055],[14.5525,40.7925],[14.545,40.778],[14.507,40.773],[14.5205,40.735],[14.5605,40.7315],[14.577,40.7015],[14.5905,40.6905],[14.558,40.6615],[14.5805,40.637],[14.5775,40.6275],[14.5445,40.6215],[14.518,40.622],[14.5105,40.6455],[14.482,40.6475],[14.4625,40.626],[14.4685,40.62],[14.4955,40.627],[14.5295,40.607],[14.5395,40.6135],[14.577,40.6185],[14.62,40.646],[14.642,40.6475],[14.6785,40.633],[14.6915,40.6345],[14.714,40.6625],[14.7475,40.6775],[14.789,40.6655],[14.8215,40.6415],[14.8585,40.608],[14.907,40.547],[14.9395,40.4865],[14.98,40.4295],[14.995,40.4005],[15.0015,40.3775],[14.9935,40.3535],[14.9695,40.341],[14.9455,40.337],[14.9395,40.3195],[14.947,40.2955],[14.943,40.275],[14.9065,40.254],[14.909,40.2435],[14.9355,40.2285],[14.9585,40.2305],[14.991,40.219],[15.0165,40.1965],[15.0365,40.1725],[15.066,40.1645],[15.0855,40.1735],[15.118,40.1775],[15.1465,40.16],[15.179,40.1275],[15.209,40.121],[15.2395,40.0935],[15.263,40.0825],[15.276,40.067],[15.2915,40.0235],[15.315,40.032],[15.342,40.005],[15.3805,40.001],[15.4185,39.9905],[15.46,40.0335],[15.4845,40.0385],[15.5035,40.064],[15.5305,40.074],[15.572,40.0785],[15.6325,40.0675],[15.627,40.0565],[15.6455,40.043],[15.676,40.055],[15.6685,40.0735],[15.706,40.1175],[15.707,40.1465],[15.7015,40.1615],[15.7125,40.1785],[15.73,40.1865],[15.7345,40.2015],[15.751,40.202],[15.774,40.2175],[15.797,40.225],[15.7875,40.2365],[15.8055,40.2515],[15.806,40.2745],[15.7925,40.29],[15.749,40.2985],[15.727,40.3155],[15.7045,40.344],[15.71,40.3775],[15.6505,40.4085],[15.6265,40.426],[15.595,40.441],[15.578,40.4695],[15.539,40.488],[15.5505,40.509],[15.5445,40.53],[15.51,40.5855],[15.4755,40.5925],[15.4495,40.609],[15.468,40.639],[15.492,40.6475],[15.5035,40.663],[15.47,40.673],[15.43,40.692],[15.4025,40.7165],[15.3815,40.724],[15.379,40.751],[15.389,40.7675],[15.3855,40.7915],[15.366,40.8005],[15.3665,40.812],[15.335,40.835]]]},"properties":{"prov_name":"Salerno","prov_acr":"SA","reg_name":"Campania"}},
{"type":"Feature","geometry":{"type":"Polygon","coordinates":[[[15.0075,41.4865],[15.024,41.477],[15.0325,41.4525],[15.0765,41.433],[15.099,41.434],[15.0815,41.3875],[15.0585,41.372],[15.072,41.3325],[15.1305,41.317],[15.127,41.303],[15.149,41.2805],[15.201,41.2865],[15.2165,41.275],[15.247,41.2715],[15.28,41.241],[15.246,41.236],[15.2575,41.1975],[15.2275,41.185],[15.2095,41.1675],[15.211,41.1485],[15.2355,41.14],[15.267,41.1065],[15.2915,41.0935],[15.3145,41.104],[15.3515,41.095],[15.3675,41.085],[15.3965,41.107],[15.4275,41.093],[15.446,41.078],[15.4785,41.0785],[15.4895,41.07],[15.543,41.056],[15.543,41.067],[15.559,41.0875],[15.5875,41.0985],[15.6175,41.0995],[15.6465,41.0895],[15.6795,41.087],[15.725,41.0905],[15.7525,41.0975],[15.7685,41.083],[15.7985,41.092],[15.8055,41.111],[15.8465,41.1255],[15.8705,41.14],[15.9265,41.182],[15.9505,41.183],[15.9915,41.1955],[15.995,41.206],[16.0205,41.221],[16.0175,41.239],[16.0285,41.2505],[15.9835,41.3045],[15.982,41.361],[16.0345,41.375],[16.022,41.3875],[15.9735,41.414],[15.9365,41.425],[15.95,41.4415],[15.979,41.4385],[16.025,41.426],[15.9805,41.4455],[15.9455,41.4715],[15.918,41.5055],[15.9045,41.5325],[15.894,41.5755],[15.9035,41.6185],[15.9435,41.6425],[16.0145,41.6695],[16.0655,41.6955],[16.074,41.711],[16.105,41.7295],[16.14,41.741],[16.1865,41.772],[16.1975,41.8035],[16.195,41.822],[16.1765,41.855],[16.1765,41.885],[16.162,41.8905],[16.1535,41.9085],[16.118,41.9165],[16.09,41.9385],[16.062,41.945],[16.024,41.9455],[16.012,41.9505],[15.9245,41.933],[15.75,41.9165],[15.6865,41.9145],[15.6425,41.9265],[15.623,41.9275],[15.525,41.912],[15.4585,41.9035],[15.3915,41.9005],[15.3635,41.903],[15.336,41.9165],[15.293,41.92],[15.208,41.919],[15.138,41.9265],[15.1315,41.903],[15.139,41.8795],[15.1235,41.8595],[15.1035,41.8465],[15.1005,41.834],[15.1165,41.8145],[15.115,41.7895],[15.101,41.782],[15.0975,41.766],[15.11,41.754],[15.103,41.7415],[15.121,41.72],[15.1435,41.7115],[15.1335,41.698],[15.106,41.6855],[15.0695,41.66],[15.0485,41.6555],[15.0445,41.6405],[15.0255,41.634],[15.0225,41.622],[14.9915,41.629],[14.9885,41.638],[14.956,41.6435],[14.935,41.6215],[14.947,41.6095],[14.9485,41.574],[14.9385,41.5505],[14.937,41.528],[14.9665,41.519],[15.0075,41.4865]]]},"properties":{"prov_name":"Foggia","prov_acr":"FG","reg_name":"Puglia"}},
{"type":"Feature","geometry":{"type":"Polygon","coordinates":[[[17.3535,40.7485],[17.3945,40.75],[17.3895,40.7655],[17.3985,40.7855],[17.3645,40.7855],[17.3275,40.8115],[17.2955,40.817],[17.3155,40.8405],[17.3325,40.851],[17.3405,40.8665],[17.3705,40.886],[17.389,40.8925],[17.35,40.9055],[17.3345,40.929],[17.3065,40.952],[17.237,40.993],[17.2015,41.0035],[17.1755,41.029],[17.1425,41.037],[17.0935,41.0625],[17.0465,41.0805],[16.9975,41.088],[16.9605,41.098],[16.9285,41.112],[16.8905,41.119],[16.84,41.139],[16.8095,41.1405],[16.7795,41.1595],[16.6955,41.178],[16.66,41.192],[16.626,41.195],[16.582,41.208],[16.5715,41.2185],[16.5425,41.2295],[16.538,41.213],[16.512,41.184],[16.515,41.169],[16.504,41.1515],[16.4705,41.148],[16.46,41.1705],[16.429,41.1905],[16.419,41.1845],[16.388,41.1945],[16.381,41.1815],[16.3575,41.1615],[16.34,41.1665],[16.3375,41.145],[16.3515,41.1345],[16.322,41.1065],[16.313,41.09],[16.274,41.0485],[16.254,41.015],[16.2665,41.0055],[16.252,40.962],[16.2325,40.9515],[16.2025,40.9175],[16.224,40.8865],[16.231,40.855],[16.244,40.838],[16.278,40.8015],[16.316,40.783],[16.35,40.749],[16.3805,40.7365],[16.4,40.7075],[16.4305,40.705],[16.4795,40.737],[16.496,40.7585],[16.5225,40.7465],[16.537,40.753],[16.567,40.7545],[16.5745,40.763],[16.608,40.752],[16.633,40.7535],[16.6775,40.736],[16.725,40.714],[16.735,40.711],[16.787,40.7335],[16.801,40.6945],[16.8565,40.7235],[16.875,40.715],[16.912,40.707],[16.9305,40.713],[16.926,40.737],[16.9505,40.743],[16.9715,40.7415],[17.0155,40.76],[17.0215,40.7525],[17.001,40.7315],[17.0225,40.713],[17.0605,40.7215],[17.116,40.708],[17.1495,40.711],[17.16,40.744],[17.2005,40.7615],[17.228,40.7575],[17.251,40.769],[17.243,40.8],[17.2865,40.798],[17.283,40.767],[17.3055,40.743],[17.34,40.7395],[17.3535,40.7485]]]},"properties":{"prov_name":"Bari","prov_acr":"BA","reg_name":"Puglia"}},
{"type":"Feature","geometry":{"type":"Polygon","coordinates":[[[17.7985,40.3795],[17.7895,40.3915],[17.768,40.396],[17.7285,40.3915],[17.7185,40.4055],[17.6935,40.412],[17.6825,40.441],[17.638,40.4515],[17.61,40.465],[17.5775,40.4385],[17.5465,40.4385],[17.52,40.4585],[17.511,40.479],[17.487,40.482],[17.4485,40.555],[17.4575,40.581],[17.4755,40.6005],[17.4735,40.6105],[17.4385,40.624],[17.427,40.6335],[17.418,40.6815],[17.397,40.695],[17.3855,40.722],[17.35,40.733],[17.3535,40.7485],[17.34,40.7395],[17.3055,40.743],[17.283,40.767],[17.2865,40.798],[17.243,40.8],[17.251,40.769],[17.228,40.7575],[17.2005,40.7615],[17.16,40.744],[17.1495,40.711],[17.116,40.708],[17.0605,40.7215],[17.0225,40.713],[17.001,40.7315],[17.0215,40.7525],[17.0155,40.76],[16.9715,40.7415],[16.9505,40.743],[16.926,40.737],[16.9305,40.713],[16.912,40.707],[16.875,40.715],[16.8565,40.7235],[16.801,40.6945],[16.787,40.7335],[16.735,40.711],[16.725,40.714],[16.6965,40.702],[16.7255,40.6775],[16.71,40.633],[16.724,40.6025],[16.7055,40.55],[16.7245,40.5355],[16.716,40.524],[16.737,40.504],[16.7195,40.4815],[16.7355,40.468],[16.7925,40.462],[16.8095,40.447],[16.8095,40.433],[16.8505,40.401],[16.8665,40.398],[16.9015,40.4355],[16.9585,40.4755],[16.9955,40.495],[17.045,40.5125],[17.085,40.52],[17.1285,40.5175],[17.1625,40.506],[17.182,40.4815],[17.22,40.4795],[17.2465,40.462],[17.2555,40.4425],[17.2295,40.424],[17.209,40.421],[17.2325,40.401],[17.2675,40.3905],[17.3115,40.3665],[17.34,40.362],[17.3795,40.3465],[17.402,40.3325],[17.427,40.3325],[17.458,40.317],[17.495,40.31],[17.5105,40.2945],[17.6785,40.3045],[17.764,40.296],[17.768,40.3115],[17.792,40.3365],[17.7995,40.355],[17.7985,40.3795]]]},"properties":{"prov_name":"Taranto","prov_acr":"TA","reg_name":"Puglia"}},
{"type":"Feature","geometry":{"type":"Polygon","coordinates":[[[17.9985,40.649],[17.982,40.6445],[17.9525,40.648],[17.9615,40.66],[17.942,40.682],[17.925,40.6795],[17.874,40.685],[17.828,40.695],[17.7475,40.7335],[17.7225,40.751],[17.6815,40.767],[17.634,40.7805],[17.5595,40.798],[17.473,40.832],[17.457,40.849],[17.415,40.8705],[17.389,40.8925],[17.3705,40.886],[17.3405,40.8665],[17.3325,40.851],[17.3155,40.8405],[17.2955,40.817],[17.3275,40.8115],[17.3645,40.7855],[17.3985,40.7855],[17.3895,40.7655],[17.3945,40.75],[17.3535,40.7485],[17.35,40.733],[17.3855,40.722],[17.397,40.695],[17.418,40.6815],[17.427,40.6335],[17.4385,40.624],[17.4735,40.6105],[17.4755,40.6005],[17.4575,40.581],[17.4485,40.555],[17.487,40.482],[17.511,40.479],[17.52,40.4585],[17.5465,40.4385],[17.5775,40.4385],[17.61,40.465],[17.638,40.4515],[17.6825,40.441],[17.6935,40.412],[17.7185,40.4055],[17.7285,40.3915],[17.768,40.396],[17.7895,40.3915],[17.7985,40.3795],[17.8225,40.4035],[17.8865,40.4225],[17.9355,40.4285],[17.9535,40.4575],[17.9755,40.4545],[17.9935,40.4675],[18.0175,40.4625],[18.0415,40.489],[18.049,40.4745],[18.069,40.4605],[18.0975,40.5155],[18.0745,40.5395],[18.0425,40.5585],[18.035,40.575],[18.045,40.597],[18.018,40.622],[18.0145,40.6365],[17.9985,40.649]]]},"properties":{"prov_name":"Brindisi","prov_acr":"BR","reg_name":"Puglia"}},
{"type":"Feature","geometry":{"type":"Polygon","coordinates":[[[17.764,40.296],[17.8165,40.2895],[17.8395,40.2805],[17.856,40.2855],[17.9045,40.256],[17.9075,40.2415],[17.924,40.2175],[17.92,40.192],[17.964,40.1475],[17.987,40.1405],[18.011,40.107],[18.011,40.086],[17.9975,40.0505],[18.019,40.027],[18.0175,40.007],[17.995,39.995],[18.0475,39.929],[18.077,39.907],[18.1205,39.8845],[18.151,39.861],[18.2045,39.8385],[18.263,39.836],[18.327,39.8075],[18.346,39.7915],[18.369,39.794],[18.3895,39.8155],[18.386,39.831],[18.399,39.889],[18.39,39.906],[18.4085,39.978],[18.4165,39.994],[18.4315,40.0005],[18.436,40.0245],[18.475,40.0445],[18.4845,40.0775],[18.5205,40.107],[18.507,40.1245],[18.5135,40.1385],[18.4885,40.147],[18.479,40.178],[18.4635,40.193],[18.4645,40.222],[18.4405,40.2695],[18.423,40.294],[18.386,40.3145],[18.3625,40.3415],[18.3175,40.372],[18.3055,40.392],[18.279,40.4075],[18.249,40.4375],[18.203,40.467],[18.1255,40.4945],[18.0975,40.5155],[18.069,40.4605],[18.049,40.4745],[18.0415,40.489],[18.0175,40.4625],[17.9935,40.4675],[17.9755,40.4545],[17.9535,40.4575],[17.9355,40.4285],[17.8865,40.4225],[17.8225,40.4035],[17.7985,40.3795],[17.7995,40.355],[17.792,40.3365],[17.768,40.3115],[17.764,40.296]]]},"properties":{"prov_name":"Lecce","prov_acr":"LE","reg_name":"Puglia"}},
{"type":"Feature","geometry":{"type":"Polygon","coordinates":[[[16.2025,40.9175],[16.2325,40.9515],[16.252,40.962],[16.2665,41.0055],[16.254,41.015],[16.274,41.0485],[16.313,41.09],[16.322,41.1065],[16.3515,41.1345],[16.3375,41.145],[16.34,41.1665],[16.3575,41.1615],[16.381,41.1815],[16.388,41.1945],[16.419,41.1845],[16.429,41.1905],[16.46,41.1705],[16.4705,41.148],[16.504,41.1515],[16.515,41.169],[16.512,41.184],[16.538,41.213],[16.5425,41.2295],[16.532,41.2385],[16.453,41.26],[16.422,41.28],[16.387,41.29],[16.359,41.3045],[16.2665,41.327],[16.207,41.3595],[16.1685,41.3695],[16.0415,41.4215],[16.025,41.426],[15.979,41.4385],[15.95,41.4415],[15.9365,41.425],[15.9735,41.414],[16.022,41.3875],[16.0345,41.375],[15.982,41.361],[15.9835,41.3045],[16.0285,41.2505],[16.0175,41.239],[16.0205,41.221],[15.995,41.206],[15.9915,41.1955],[15.9505,41.183],[15.9265,41.182],[15.8705,41.14],[15.901,41.1265],[15.921,41.111],[15.9535,41.111],[15.9765,41.094],[15.999,41.054],[16.0075,41.059],[16.0405,41.0365],[16.028,41.024],[16.032,40.9985],[16.003,40.97],[15.972,40.972],[15.9765,40.9585],[16.0935,40.9205],[16.1215,40.899],[16.138,40.9185],[16.163,40.9285],[16.2025,40.9175]]]},"properties":{"prov_name":"Barletta-Andria-Trani","prov_acr":"BT","reg_name":"Puglia"}},
{"type":"Feature","geometry":{"type":"Polygon","coordinates":[[[16.3985,40.0555],[16.3805,40.072],[16.3725,40.09],[16.3735,40.108],[16.3505,40.1235],[16.367,40.1425],[16.3965,40.154],[16.3975,40.167],[16.3595,40.186],[16.3485,40.2055],[16.3605,40.2425],[16.371,40.251],[16.3755,40.274],[16.364,40.288],[16.3755,40.3105],[16.3335,40.3045],[16.31,40.2735],[16.281,40.269],[16.2585,40.274],[16.2415,40.2665],[16.1955,40.2655],[16.1875,40.2905],[16.173,40.2995],[16.1875,40.3165],[16.154,40.365],[16.1515,40.378],[16.123,40.392],[16.106,40.4085],[16.1145,40.4295],[16.128,40.4305],[16.1405,40.454],[16.1145,40.461],[16.0975,40.481],[16.1165,40.4995],[16.0755,40.5445],[16.105,40.56],[16.117,40.5775],[16.101,40.595],[16.0805,40.6015],[16.071,40.6205],[16.049,40.6355],[16.0555,40.655],[16.1015,40.673],[16.1255,40.693],[16.149,40.703],[16.1495,40.7305],[16.115,40.7675],[16.1215,40.796],[16.169,40.8055],[16.2155,40.8305],[16.244,40.838],[16.231,40.855],[16.224,40.8865],[16.2025,40.9175],[16.163,40.9285],[16.138,40.9185],[16.1215,40.899],[16.0935,40.9205],[15.9765,40.9585],[15.972,40.972],[16.003,40.97],[16.032,40.9985],[16.028,41.024],[16.0405,41.0365],[16.0075,41.059],[15.999,41.054],[15.9765,41.094],[15.9535,41.111],[15.921,41.111],[15.901,41.1265],[15.8705,41.14],[15.8465,41.1255],[15.8055,41.111],[15.7985,41.092],[15.7685,41.083],[15.7525,41.0975],[15.725,41.0905],[15.6795,41.087],[15.6465,41.0895],[15.6175,41.0995],[15.5875,41.0985],[15.559,41.0875],[15.543,41.067],[15.543,41.056],[15.572,40.999],[15.5665,40.969],[15.5425,40.9465],[15.5265,40.9075],[15.4675,40.8895],[15.473,40.875],[15.4605,40.867],[15.4445,40.877],[15.4025,40.8815],[15.3785,40.8675],[15.3785,40.8405],[15.335,40.835],[15.3665,40.812],[15.366,40.8005],[15.3855,40.7915],[15.389,40.7675],[15.379,40.751],[15.3815,40.724],[15.4025,40.7165],[15.43,40.692],[15.47,40.673],[15.5035,40.663],[15.492,40.6475],[15.468,40.639],[15.4495,40.609],[15.4755,40.5925],[15.51,40.5855],[15.5445,40.53],[15.5505,40.509],[15.539,40.488],[15.578,40.4695],[15.595,40.441],[15.6265,40.426],[15.6505,40.4085],[15.71,40.3775],[15.7045,40.344],[15.727,40.3155],[15.749,40.2985],[15.7925,40.29],[15.806,40.2745],[15.8055,40.2515],[15.7875,40.2365],[15.797,40.225],[15.774,40.2175],[15.751,40.202],[15.7345,40.2015],[15.73,40.1865],[15.7125,40.1785],[15.7015,40.1615],[15.707,40.1465],[15.706,40.1175],[15.6685,40.0735],[15.676,40.055],[15.6455,40.043],[15.6645,40.0395],[15.6765,40.0255],[15.681,40.006],[15.732,39.964],[15.7425,39.9345],[15.756,39.9235],[15.766,39.9305],[15.771,39.9555],[15.795,39.9715],[15.82,40.002],[15.85,40.006],[15.8675,39.99],[15.8905,39.9945],[15.898,39.9815],[15.928,40.001],[15.9685,39.9915],[15.979,39.9825],[16.0305,39.9935],[16.007,39.957],[16.0165,39.927],[16.0375,39.916],[16.0535,39.898],[16.083,39.8965],[16.1035,39.907],[16.138,39.9015],[16.159,39.9195],[16.2145,39.896],[16.2165,39.928],[16.238,39.9255],[16.2685,39.936],[16.314,39.931],[16.343,39.9025],[16.3595,39.9195],[16.338,39.936],[16.358,39.954],[16.3605,39.968],[16.391,40.0035],[16.3985,40.019],[16.393,40.042],[16.3985,40.0555]],[[15.984,40.606],[15.9545,40.6115],[15.9415,40.638],[15.9535,40.6485],[15.983,40.6465],[15.984,40.606]]]},"properties":{"prov_name":"Potenza","prov_acr":"PZ","reg_name":"Basilicata"}},
{"type":"Feature","geometry":{"type":"MultiPolygon","coordinates":[[[[16.244,40.838],[16.2155,40.8305],[16.169,40.8055],[16.1215,40.796],[16.115,40.7675],[16.1495,40.7305],[16.149,40.703],[16.1255,40.693],[16.1015,40.673],[16.0555,40.655],[16.049,40.6355],[16.071,40.6205],[16.0805,40.6015],[16.101,40.595],[16.117,40.5775],[16.105,40.56],[16.0755,40.5445],[16.1165,40.4995],[16.0975,40.481],[16.1145,40.461],[16.1405,40.454],[16.128,40.4305],[16.1145,40.4295],[16.106,40.4085],[16.123,40.392],[16.1515,40.378],[16.154,40.365],[16.1875,40.3165],[16.173,40.2995],[16.1875,40.2905],[16.1955,40.2655],[16.2415,40.2665],[16.2585,40.274],[16.281,40.269],[16.31,40.2735],[16.3335,40.3045],[16.3755,40.3105],[16.364,40.288],[16.3755,40.274],[16.371,40.251],[16.3605,40.2425],[16.3485,40.2055],[16.3595,40.186],[16.3975,40.167],[16.3965,40.154],[16.367,40.1425],[16.3505,40.1235],[16.3735,40.108],[16.3725,40.09],[16.3805,40.072],[16.3985,40.0555],[16.414,40.0805],[16.409,40.121],[16.452,40.135],[16.4945,40.125],[16.518,40.129],[16.53,40.118],[16.562,40.13],[16.587,40.133],[16.628,40.1295],[16.644,40.119],[16.684,40.144],[16.7315,40.2025],[16.7495,40.246],[16.7865,40.3025],[16.85,40.3735],[16.8665,40.398],[16.8505,40.401],[16.8095,40.433],[16.8095,40.447],[16.7925,40.462],[16.7355,40.468],[16.7195,40.4815],[16.737,40.504],[16.716,40.524],[16.7245,40.5355],[16.7055,40.55],[16.724,40.6025],[16.71,40.633],[16.7255,40.6775],[16.6965,40.702],[16.725,40.714],[16.6775,40.736],[16.633,40.7535],[16.608,40.752],[16.5745,40.763],[16.567,40.7545],[16.537,40.753],[16.5225,40.7465],[16.496,40.7585],[16.4795,40.737],[16.4305,40.705],[16.4,40.7075],[16.3805,40.7365],[16.35,40.749],[16.316,40.783],[16.278,40.8015],[16.244,40.838]]],[[[15.984,40.606],[15.983,40.6465],[15.9535,40.6485],[15.9415,40.638],[15.9545,40.6115],[15.984,40.606]]]]},"properties":{"prov_name":"Matera","prov_acr":"MT","reg_name":"Basilicata"}},
{"type":"Feature","geometry":{"type":"Polygon","coordinates":[[[15.756,39.9235],[15.779,39.8935],[15.791,39.865],[15.7795,39.8475],[15.777,39.821],[15.7855,39.817],[15.795,39.7735],[15.8085,39.7305],[15.8175,39.6775],[15.832,39.668],[15.8445,39.6275],[15.8515,39.6185],[15.874,39.554],[15.8815,39.544],[15.925,39.5265],[15.945,39.503],[15.9585,39.4785],[15.9935,39.4455],[16.0365,39.3485],[16.051,39.298],[16.062,39.195],[16.067,39.1335],[16.0765,39.113],[16.094,39.049],[16.121,39.058],[16.144,39.049],[16.156,39.061],[16.213,39.082],[16.2525,39.1015],[16.259,39.1125],[16.285,39.101],[16.307,39.1005],[16.3455,39.111],[16.361,39.095],[16.382,39.105],[16.4125,39.0725],[16.4325,39.06],[16.4685,39.0515],[16.481,39.059],[16.475,39.085],[16.479,39.1225],[16.501,39.1415],[16.5045,39.1595],[16.5225,39.1625],[16.536,39.1445],[16.564,39.1665],[16.58,39.1685],[16.5995,39.192],[16.613,39.194],[16.651,39.198],[16.678,39.206],[16.704,39.195],[16.7195,39.1975],[16.748,39.19],[16.7635,39.1965],[16.767,39.2185],[16.747,39.2455],[16.758,39.2645],[16.751,39.2835],[16.761,39.292],[16.732,39.314],[16.7065,39.323],[16.705,39.3545],[16.7295,39.35],[16.764,39.3615],[16.7785,39.3475],[16.7965,39.3515],[16.835,39.3455],[16.8435,39.355],[16.868,39.357],[16.8855,39.3735],[16.915,39.3845],[16.9155,39.412],[16.941,39.396],[16.9565,39.397],[16.957,39.437],[16.9975,39.46],[17.0235,39.4825],[16.944,39.502],[16.902,39.525],[16.8665,39.5385],[16.8265,39.568],[16.8175,39.588],[16.7705,39.621],[16.756,39.6245],[16.7355,39.6165],[16.6885,39.6215],[16.6305,39.6205],[16.607,39.6245],[16.563,39.643],[16.529,39.6665],[16.5255,39.68],[16.5295,39.7245],[16.4995,39.7415],[16.486,39.7825],[16.4965,39.818],[16.555,39.8885],[16.6045,39.931],[16.629,39.9675],[16.6185,39.9765],[16.606,40.026],[16.599,40.0375],[16.609,40.085],[16.644,40.119],[16.628,40.1295],[16.587,40.133],[16.562,40.13],[16.53,40.118],[16.518,40.129],[16.4945,40.125],[16.452,40.135],[16.409,40.121],[16.414,40.0805],[16.3985,40.0555],[16.393,40.042],[16.3985,40.019],[16.391,40.0035],[16.3605,39.968],[16.358,39.954],[16.338,39.936],[16.3595,39.9195],[16.343,39.9025],[16.314,39.931],[16.2685,39.936],[16.238,39.9255],[16.2165,39.928],[16.2145,39.896],[16.159,39.9195],[16.138,39.9015],[16.1035,39.907],[16.083,39.8965],[16.0535,39.898],[16.0375,39.916],[16.0165,39.927],[16.007,39.957],[16.0305,39.9935],[15.979,39.9825],[15.9685,39.9915],[15.928,40.001],[15.898,39.9815],[15.8905,39.9945],[15.8675,39.99],[15.85,40.006],[15.82,40.002],[15.795,39.9715],[15.771,39.9555],[15.766,39.9305],[15.756,39.9235]]]},"properties":{"prov_name":"Cosenza","prov_acr":"CS","reg_name":"Calabria"}},
{"type":"Feature","geometry":{"type":"Polygon","coordinates":[[[16.213,38.8105],[16.2475,38.8095],[16.276,38.792],[16.2745,38.815],[16.296,38.8215],[16.325,38.7985],[16.3445,38.794],[16.366,38.7595],[16.37,38.742],[16.35,38.7345],[16.3385,38.7205],[16.349,38.7075],[16.3265,38.678],[16.3445,38.6685],[16.3455,38.6575],[16.329,38.6405],[16.3765,38.621],[16.3705,38.6095],[16.403,38.6015],[16.4285,38.5835],[16.42,38.554],[16.4385,38.5385],[16.4205,38.5285],[16.411,38.5115],[16.4575,38.513],[16.486,38.5005],[16.49,38.487],[16.537,38.4665],[16.582,38.47],[16.5795,38.503],[16.572,38.535],[16.573,38.564],[16.5675,38.605],[16.5605,38.6215],[16.5565,38.655],[16.5585,38.6795],[16.5355,38.7035],[16.5425,38.727],[16.568,38.754],[16.5665,38.765],[16.603,38.809],[16.625,38.826],[16.6375,38.8265],[16.7015,38.86],[16.7705,38.893],[16.8365,38.9155],[16.8905,38.928],[16.9205,38.952],[16.891,38.974],[16.8915,39.0025],[16.8745,39.019],[16.8575,39.025],[16.842,39.042],[16.776,39.064],[16.743,39.065],[16.734,39.059],[16.699,39.09],[16.6795,39.092],[16.658,39.119],[16.675,39.133],[16.666,39.156],[16.65,39.153],[16.629,39.1625],[16.613,39.194],[16.5995,39.192],[16.58,39.1685],[16.564,39.1665],[16.536,39.1445],[16.5225,39.1625],[16.5045,39.1595],[16.501,39.1415],[16.479,39.1225],[16.475,39.085],[16.481,39.059],[16.4685,39.0515],[16.4325,39.06],[16.4125,39.0725],[16.382,39.105],[16.361,39.095],[16.3455,39.111],[16.307,39.1005],[16.285,39.101],[16.259,39.1125],[16.2525,39.1015],[16.213,39.082],[16.156,39.061],[16.144,39.049],[16.121,39.058],[16.094,39.049],[16.102,39.0255],[16.1315,38.9985],[16.1535,38.9545],[16.2185,38.9205],[16.221,38.8665],[16.213,38.8105]]]},"properties":{"prov_name":"Catanzaro","prov_acr":"CZ","reg_name":"Calabria"}},
{"type":"Feature","geometry":{"type":"Polygon","coordinates":[[[15.9185,38.507],[15.8985,38.4515],[15.865,38.402],[15.858,38.38],[15.833,38.356],[15.8295,38.325],[15.817,38.3005],[15.794,38.2805],[15.749,38.257],[15.7135,38.2545],[15.679,38.247],[15.6365,38.232],[15.6325,38.194],[15.6405,38.169],[15.655,38.1525],[15.648,38.1145],[15.6305,38.102],[15.6345,38.076],[15.6495,38.068],[15.654,38.031],[15.6335,38.0185],[15.646,37.9915],[15.6775,37.9545],[15.697,37.949],[15.7325,37.9255],[15.764,37.916],[15.84,37.919],[15.875,37.926],[15.92,37.9295],[15.9575,37.9195],[15.998,37.916],[16.019,37.9225],[16.0645,37.9255],[16.097,37.9565],[16.116,37.9815],[16.144,38.031],[16.143,38.0435],[16.1665,38.1375],[16.1925,38.158],[16.3295,38.2975],[16.4215,38.326],[16.4735,38.344],[16.503,38.365],[16.571,38.4265],[16.5825,38.4565],[16.582,38.47],[16.537,38.4665],[16.49,38.487],[16.486,38.5005],[16.4575,38.513],[16.411,38.5115],[16.4205,38.5285],[16.4385,38.5385],[16.42,38.554],[16.3945,38.5715],[16.363,38.5605],[16.3495,38.5375],[16.3455,38.5165],[16.355,38.4955],[16.3885,38.476],[16.382,38.4605],[16.393,38.4475],[16.3495,38.429],[16.2815,38.4395],[16.265,38.4485],[16.266,38.4645],[16.2535,38.4845],[16.2335,38.501],[16.1935,38.4975],[16.1595,38.517],[16.1355,38.5355],[16.1015,38.5405],[16.08,38.562],[16.021,38.53],[16.0045,38.5165],[15.9605,38.5255],[15.952,38.515],[15.9185,38.507]]]},"properties":{"prov_name":"Reggio di Calabria","prov_acr":"RC","reg_name":"Calabria"}},
{"type":"Feature","geometry":{"type":"Polygon","coordinates":[[[17.0235,39.4825],[16.9975,39.46],[16.957,39.437],[16.9565,39.397],[16.941,39.396],[16.9155,39.412],[16.915,39.3845],[16.8855,39.3735],[16.868,39.357],[16.8435,39.355],[16.835,39.3455],[16.7965,39.3515],[16.7785,39.3475],[16.764,39.3615],[16.7295,39.35],[16.705,39.3545],[16.7065,39.323],[16.732,39.314],[16.761,39.292],[16.751,39.2835],[16.758,39.2645],[16.747,39.2455],[16.767,39.2185],[16.7635,39.1965],[16.748,39.19],[16.7195,39.1975],[16.704,39.195],[16.678,39.206],[16.651,39.198],[16.613,39.194],[16.629,39.1625],[16.65,39.153],[16.666,39.156],[16.675,39.133],[16.658,39.119],[16.6795,39.092],[16.699,39.09],[16.734,39.059],[16.743,39.065],[16.776,39.064],[16.842,39.042],[16.8575,39.025],[16.8745,39.019],[16.8915,39.0025],[16.891,38.974],[16.9205,38.952],[16.8905,38.928],[16.9535,38.938],[16.978,38.9385],[16.9975,38.93],[17.01,38.9115],[17.0475,38.9195],[17.0825,38.913],[17.0935,38.9055],[17.13,38.926],[17.17,38.957],[17.1595,38.981],[17.171,39.004],[17.196,39.027],[17.1465,39.0465],[17.1305,39.0755],[17.11,39.0985],[17.1105,39.124],[17.123,39.1575],[17.1485,39.206],[17.1105,39.2455],[17.105,39.2665],[17.1115,39.289],[17.109,39.307],[17.1325,39.3585],[17.135,39.3725],[17.1535,39.402],[17.121,39.405],[17.081,39.422],[17.047,39.444],[17.0235,39.4825]]]},"properties":{"prov_name":"Crotone","prov_acr":"KR","reg_name":"Calabria"}},
{"type":"Feature","geometry":{"type":"Polygon","coordinates":[[[15.9185,38.507],[15.952,38.515],[15.9605,38.5255],[16.0045,38.5165],[16.021,38.53],[16.08,38.562],[16.1015,38.5405],[16.1355,38.5355],[16.1595,38.517],[16.1935,38.4975],[16.2335,38.501],[16.2535,38.4845],[16.266,38.4645],[16.265,38.4485],[16.2815,38.4395],[16.3495,38.429],[16.393,38.4475],[16.382,38.4605],[16.3885,38.476],[16.355,38.4955],[16.3455,38.5165],[16.3495,38.5375],[16.363,38.5605],[16.3945,38.5715],[16.42,38.554],[16.4285,38.5835],[16.403,38.6015],[16.3705,38.6095],[16.3765,38.621],[16.329,38.6405],[16.3455,38.6575],[16.3445,38.6685],[16.3265,38.678],[16.349,38.7075],[16.3385,38.7205],[16.35,38.7345],[16.37,38.742],[16.366,38.7595],[16.3445,38.794],[16.325,38.7985],[16.296,38.8215],[16.2745,38.815],[16.276,38.792],[16.2475,38.8095],[16.213,38.8105],[16.182,38.7475],[16.147,38.7245],[16.1045,38.712],[16.0315,38.728],[15.986,38.723],[15.9475,38.691],[15.9055,38.6835],[15.872,38.673],[15.848,38.659],[15.8265,38.623],[15.845,38.613],[15.8665,38.5925],[15.893,38.578],[15.901,38.5645],[15.9285,38.5505],[15.9305,38.5375],[15.9185,38.507]]]},"properties":{"prov_name":"Vibo Valentia","prov_acr":"VV","reg_name":"Calabria"}},
{"type":"Feature","geometry":{"type":"MultiPolygon","coordinates":[[[[13.012,37.7425],[13.0175,37.7515],[13.0655,37.758],[13.0885,37.7705],[13.075,37.7885],[13.0945,37.8085],[13.08,37.819],[13.0555,37.8105],[13.025,37.819],[12.9705,37.824],[12.9655,37.836],[12.943,37.845],[12.956,37.8595],[12.951,37.877],[12.931,37.8875],[12.9405,37.9055],[12.954,37.897],[13.024,37.9025],[13.0375,37.913],[13.047,37.939],[13.0445,37.955],[13.002,37.9975],[13.006,38.0065],[12.984,38.021],[12.977,38.0405],[12.954,38.033],[12.893,38.0245],[12.8715,38.0365],[12.8685,38.0515],[12.8385,38.0585],[12.8265,38.0665],[12.79,38.112],[12.791,38.135],[12.766,38.18],[12.719,38.167],[12.7375,38.141],[12.7095,38.109],[12.6875,38.106],[12.6725,38.1145],[12.657,38.1075],[12.6605,38.0915],[12.646,38.0795],[12.6105,38.0655],[12.5775,38.0705],[12.5595,38.0635],[12.5545,38.0515],[12.5185,38.0215],[12.519,38.009],[12.4955,37.985],[12.4985,37.966],[12.4915,37.951],[12.459,37.9085],[12.467,37.892],[12.486,37.8735],[12.467,37.8405],[12.4575,37.8135],[12.4255,37.803],[12.455,37.7735],[12.47,37.747],[12.472,37.7035],[12.5015,37.6745],[12.5335,37.6585],[12.554,37.6635],[12.5865,37.6545],[12.614,37.6345],[12.63,37.6015],[12.673,37.56],[12.7255,37.569],[12.765,37.579],[12.858,37.5825],[12.8965,37.577],[12.908,37.5955],[12.9105,37.631],[12.887,37.6435],[12.894,37.6625],[12.9145,37.6705],[12.918,37.6895],[12.936,37.699],[12.9645,37.729],[13.012,37.7425]]],[[[12.3085,37.9525],[12.2745,37.936],[12.2815,37.919],[12.3375,37.92],[12.3505,37.9075],[12.3705,37.9185],[12.339,37.9365],[12.317,37.9365],[12.3085,37.9525]]],[[[12.064,37.99],[12.0335,37.9885],[12.0565,37.952],[12.0805,37.958],[12.065,37.9775],[12.064,37.99]]],[[[12.3335,38.0205],[12.32,38.001],[12.33,37.987],[12.351,37.9885],[12.3335,38.0205]]],[[[12.45,37.896],[12.432,37.896],[12.4445,37.848],[12.452,37.853],[12.45,37.896]]],[[[11.9545,36.8395],[11.935,36.832],[11.9265,36.8025],[11.944,36.7905],[11.957,36.768],[11.9725,36.763],[11.993,36.7375],[12.0285,36.736],[12.049,36.75],[12.056,36.7755],[12.049,36.8],[12.0135,36.825],[12.0015,36.8195],[11.9545,36.8395]]]]},"properties":{"prov_name":"Trapani","prov_acr":"TP","reg_name":"Sicilia"}},
{"type":"Feature","geometry":{"type":"MultiPolygon","coordinates":[[[[14.135,37.6165],[14.1635,37.637],[14.1635,37.659],[14.2055,37.679],[14.2165,37.6775],[14.2405,37.6955],[14.2685,37.7045],[14.2735,37.7205],[14.294,37.743],[14.291,37.764],[14.2685,37.776],[14.261,37.7925],[14.269,37.811],[14.265,37.832],[14.28,37.84],[14.268,37.876],[14.2745,37.904],[14.256,37.916],[14.253,37.935],[14.214,37.972],[14.204,37.9935],[14.1835,38.0195],[14.146,38.026],[14.1065,38.0145],[14.0625,38.019],[14.0325,38.0365],[13.9805,38.029],[13.946,38.028],[13.896,38.004],[13.834,37.9825],[13.7975,37.975],[13.745,37.97],[13.7105,37.9775],[13.704,37.991],[13.664,37.9945],[13.619,38.012],[13.598,38.0265],[13.568,38.038],[13.5405,38.0585],[13.541,38.092],[13.5355,38.107],[13.5085,38.1195],[13.505,38.1085],[13.473,38.098],[13.4425,38.095],[13.404,38.1005],[13.3845,38.1085],[13.365,38.1255],[13.375,38.154],[13.3655,38.1825],[13.326,38.2035],[13.318,38.224],[13.2965,38.2175],[13.2765,38.2025],[13.248,38.199],[13.2375,38.1865],[13.1945,38.17],[13.162,38.1725],[13.156,38.1865],[13.138,38.1835],[13.1055,38.191],[13.0805,38.174],[13.0835,38.1575],[13.053,38.1395],[13.0685,38.1205],[13.078,38.0885],[13.0525,38.0725],[12.977,38.0405],[12.984,38.021],[13.006,38.0065],[13.002,37.9975],[13.0445,37.955],[13.047,37.939],[13.0375,37.913],[13.024,37.9025],[12.954,37.897],[12.9405,37.9055],[12.931,37.8875],[12.951,37.877],[12.956,37.8595],[12.943,37.845],[12.9655,37.836],[12.9705,37.824],[13.025,37.819],[13.0555,37.8105],[13.08,37.819],[13.0945,37.8085],[13.075,37.7885],[13.0885,37.7705],[13.0655,37.758],[13.0175,37.7515],[13.012,37.7425],[13.0275,37.7405],[13.0465,37.712],[13.0805,37.694],[13.126,37.7005],[13.1485,37.6875],[13.188,37.6915],[13.214,37.6745],[13.209,37.6465],[13.228,37.629],[13.2465,37.621],[13.276,37.647],[13.3005,37.639],[13.3215,37.65],[13.328,37.6625],[13.348,37.657],[13.351,37.646],[13.3255,37.624],[13.334,37.6085],[13.3205,37.588],[13.343,37.5745],[13.338,37.559],[13.359,37.542],[13.399,37.5565],[13.381,37.5995],[13.391,37.6165],[13.3875,37.649],[13.395,37.6595],[13.4165,37.655],[13.4265,37.643],[13.446,37.6585],[13.4635,37.6465],[13.5085,37.659],[13.517,37.6415],[13.5635,37.6355],[13.601,37.656],[13.6555,37.658],[13.6695,37.67],[13.672,37.689],[13.6955,37.695],[13.7325,37.683],[13.7495,37.7035],[13.777,37.702],[13.777,37.7225],[13.808,37.7415],[13.818,37.728],[13.814,37.7045],[13.8315,37.6955],[13.8635,37.6895],[13.8795,37.68],[13.894,37.658],[13.9035,37.6155],[13.9305,37.6075],[13.9245,37.5965],[13.9565,37.5855],[14.0275,37.6025],[14.02,37.619],[14.025,37.632],[14.0545,37.6475],[14.078,37.644],[14.1045,37.626],[14.1225,37.629],[14.135,37.6165]],[[14.056,37.672],[14.0335,37.6555],[14.018,37.6575],[14.006,37.672],[14.0105,37.69],[14.0395,37.689],[14.0295,37.7045],[14.0435,37.726],[14.066,37.721],[14.089,37.7075],[14.078,37.688],[14.0855,37.6765],[14.056,37.672]]],[[[13.1455,37.626],[13.1825,37.634],[13.1685,37.6455],[13.1455,37.6435],[13.1455,37.626]]],[[[13.1805,38.7205],[13.1595,38.712],[13.153,38.6935],[13.1735,38.692],[13.1995,38.7085],[13.1805,38.7205]]]]},"properties":{"prov_name":"Palermo","prov_acr":"PA","reg_name":"Sicilia"}},
{"type":"Feature","geometry":{"type":"MultiPolygon","coordinates":[[[[15.258,37.807],[15.269,37.8305],[15.2975,37.8505],[15.3065,37.878],[15.3455,37.9145],[15.3495,37.9235],[15.4045,37.9835],[15.439,38.017],[15.4415,38.0245],[15.477,38.0545],[15.494,38.075],[15.522,38.1285],[15.5495,38.168],[15.5675,38.2245],[15.5835,38.2465],[15.649,38.2705],[15.6095,38.2745],[15.5405,38.3015],[15.5175,38.296],[15.4495,38.2515],[15.4005,38.2315],[15.3535,38.218],[15.293,38.2065],[15.268,38.2065],[15.241,38.2185],[15.2495,38.2325],[15.2505,38.256],[15.2355,38.2525],[15.239,38.2365],[15.2255,38.205],[15.212,38.1865],[15.1705,38.1515],[15.089,38.12],[15.056,38.1315],[15.0435,38.152],[15.012,38.149],[14.9675,38.1535],[14.94,38.1795],[14.9165,38.1925],[14.8905,38.1725],[14.7845,38.1515],[14.7465,38.165],[14.671,38.094],[14.63,38.0705],[14.6165,38.0715],[14.581,38.0585],[14.5565,38.06],[14.533,38.045],[14.476,38.0335],[14.424,38.04],[14.3975,38.024],[14.373,38.016],[14.3385,38.0185],[14.309,38.008],[14.228,38.01],[14.1835,38.0195],[14.204,37.9935],[14.214,37.972],[14.253,37.935],[14.256,37.916],[14.2745,37.904],[14.268,37.876],[14.28,37.84],[14.3275,37.837],[14.3485,37.8475],[14.3905,37.8525],[14.4065,37.8665],[14.4265,37.853],[14.465,37.84],[14.454,37.817],[14.4735,37.811],[14.493,37.825],[14.5045,37.85],[14.5405,37.865],[14.549,37.8755],[14.57,37.8795],[14.5735,37.8615],[14.5525,37.8395],[14.57,37.8325],[14.597,37.8105],[14.642,37.8075],[14.679,37.7955],[14.7035,37.812],[14.7425,37.818],[14.762,37.823],[14.773,37.8125],[14.8005,37.8035],[14.8025,37.8165],[14.789,37.853],[14.7605,37.8685],[14.738,37.8485],[14.738,37.9015],[14.7595,37.9],[14.765,37.94],[14.8015,37.953],[14.8285,37.935],[14.8385,37.9505],[14.857,37.927],[14.878,37.9325],[14.893,37.946],[14.93,37.9605],[14.941,37.951],[14.9555,37.9115],[14.979,37.907],[14.98,37.893],[15.0105,37.8995],[15.0495,37.895],[15.0715,37.904],[15.111,37.906],[15.1325,37.8945],[15.15,37.896],[15.174,37.877],[15.2095,37.86],[15.232,37.8305],[15.258,37.807]]],[[[14.8465,38.538],[14.871,38.5365],[14.8735,38.561],[14.867,38.583],[14.8455,38.5795],[14.8065,38.583],[14.7965,38.561],[14.8465,38.538]]],[[[14.9635,38.412],[14.939,38.4095],[14.949,38.385],[14.9765,38.369],[15.006,38.3755],[14.997,38.396],[14.9635,38.412]]],[[[14.9625,38.521],[14.9125,38.5185],[14.904,38.509],[14.8995,38.479],[14.9125,38.465],[14.932,38.4615],[14.953,38.439],[14.9625,38.4515],[14.957,38.477],[14.9635,38.4895],[14.9625,38.521]]],[[[14.352,38.5305],[14.3665,38.5495],[14.349,38.554],[14.352,38.5305]]],[[[14.587,38.5585],[14.5755,38.5815],[14.5455,38.5855],[14.5395,38.5775],[14.556,38.558],[14.587,38.5585]]],[[[15.215,38.7715],[15.227,38.777],[15.2425,38.805],[15.213,38.81],[15.1885,38.788],[15.215,38.7715]]]]},"properties":{"prov_name":"Messina","prov_acr":"ME","reg_name":"Sicilia"}},
{"type":"Feature","geometry":{"type":"MultiPolygon","coordinates":[[[[12.8965,37.577],[12.9175,37.577],[12.956,37.567],[12.989,37.541],[13.012,37.5125],[13.0135,37.499],[13.0385,37.4955],[13.055,37.504],[13.078,37.5055],[13.1305,37.4925],[13.1445,37.497],[13.169,37.492],[13.196,37.4655],[13.217,37.459],[13.2395,37.4335],[13.254,37.4245],[13.2715,37.3915],[13.298,37.387],[13.323,37.3635],[13.353,37.358],[13.402,37.333],[13.4265,37.3095],[13.453,37.2945],[13.4825,37.288],[13.512,37.2915],[13.5375,37.282],[13.5515,37.287],[13.614,37.242],[13.639,37.2295],[13.656,37.2115],[13.6635,37.1935],[13.726,37.1705],[13.7515,37.1495],[13.824,37.1445],[13.839,37.1375],[13.8595,37.112],[13.8785,37.102],[13.907,37.096],[13.9355,37.0965],[13.9755,37.1085],[14.0365,37.106],[14.037,37.1425],[14.03,37.1545],[14.01,37.163],[14.003,37.1925],[13.9935,37.207],[14.0065,37.2415],[14.028,37.275],[14.022,37.2865],[13.997,37.293],[13.9915,37.3085],[13.9615,37.3305],[13.927,37.3305],[13.9145,37.3435],[13.885,37.3565],[13.9085,37.387],[13.8955,37.4035],[13.862,37.4035],[13.844,37.428],[13.773,37.4405],[13.75,37.428],[13.7315,37.437],[13.7055,37.44],[13.686,37.4595],[13.657,37.4605],[13.657,37.472],[13.6905,37.501],[13.69,37.5555],[13.668,37.5745],[13.6805,37.587],[13.703,37.5835],[13.7655,37.597],[13.7885,37.6235],[13.8035,37.6175],[13.831,37.6185],[13.8295,37.629],[13.8105,37.642],[13.821,37.654],[13.8235,37.675],[13.8065,37.6755],[13.8005,37.688],[13.761,37.679],[13.7325,37.683],[13.6955,37.695],[13.672,37.689],[13.6695,37.67],[13.6555,37.658],[13.601,37.656],[13.5635,37.6355],[13.517,37.6415],[13.5085,37.659],[13.4635,37.6465],[13.446,37.6585],[13.4265,37.643],[13.4165,37.655],[13.395,37.6595],[13.3875,37.649],[13.391,37.6165],[13.381,37.5995],[13.399,37.5565],[13.359,37.542],[13.338,37.559],[13.343,37.5745],[13.3205,37.588],[13.334,37.6085],[13.3255,37.624],[13.351,37.646],[13.348,37.657],[13.328,37.6625],[13.3215,37.65],[13.3005,37.639],[13.276,37.647],[13.2465,37.621],[13.228,37.629],[13.209,37.6465],[13.214,37.6745],[13.188,37.6915],[13.1485,37.6875],[13.126,37.7005],[13.0805,37.694],[13.0465,37.712],[13.0275,37.7405],[13.012,37.7425],[12.9645,37.729],[12.936,37.699],[12.918,37.6895],[12.9145,37.6705],[12.894,37.6625],[12.887,37.6435],[12.9105,37.631],[12.908,37.5955],[12.8965,37.577]],[[13.1455,37.626],[13.1455,37.6435],[13.1685,37.6455],[13.1825,37.634],[13.1455,37.626]]],[[[12.5315,35.529],[12.518,35.5215],[12.569,35.5115],[12.5995,35.4955],[12.6325,35.4935],[12.6255,35.51],[12.6045,35.526],[12.594,35.521],[12.5315,35.529]]],[[[12.8775,35.875],[12.8485,35.8685],[12.8595,35.855],[12.8805,35.8545],[12.8775,35.875]]]]},"properties":{"prov_name":"Agrigento","prov_acr":"AG","reg_name":"Sicilia"}},
{"type":"Feature","geometry":{"type":"MultiPolygon","coordinates":[[[[13.7325,37.683],[13.761,37.679],[13.8005,37.688],[13.8065,37.6755],[13.8235,37.675],[13.821,37.654],[13.8105,37.642],[13.8295,37.629],[13.831,37.6185],[13.8035,37.6175],[13.7885,37.6235],[13.7655,37.597],[13.703,37.5835],[13.6805,37.587],[13.668,37.5745],[13.69,37.5555],[13.6905,37.501],[13.657,37.472],[13.657,37.4605],[13.686,37.4595],[13.7055,37.44],[13.7315,37.437],[13.75,37.428],[13.773,37.4405],[13.844,37.428],[13.862,37.4035],[13.8955,37.4035],[13.9085,37.387],[13.885,37.3565],[13.9145,37.3435],[13.927,37.3305],[13.9615,37.3305],[13.9915,37.3085],[13.997,37.293],[14.022,37.2865],[14.028,37.275],[14.0065,37.2415],[13.9935,37.207],[14.003,37.1925],[14.01,37.163],[14.03,37.1545],[14.037,37.1425],[14.0365,37.106],[14.069,37.1105],[14.157,37.095],[14.244,37.065],[14.296,37.037],[14.338,37.0015],[14.3665,37.0065],[14.3905,37.025],[14.414,37.0305],[14.444,37.053],[14.444,37.066],[14.4285,37.0915],[14.452,37.0965],[14.468,37.117],[14.475,37.137],[14.447,37.1735],[14.432,37.183],[14.402,37.1775],[14.3755,37.206],[14.3835,37.2575],[14.3845,37.2825],[14.3525,37.279],[14.3525,37.306],[14.316,37.303],[14.317,37.327],[14.271,37.33],[14.265,37.342],[14.229,37.3465],[14.218,37.337],[14.167,37.324],[14.127,37.339],[14.11,37.335],[14.0815,37.3495],[14.078,37.38],[14.057,37.403],[14.072,37.406],[14.0705,37.422],[14.142,37.4775],[14.158,37.48],[14.1265,37.518],[14.14,37.5525],[14.139,37.5815],[14.1595,37.5855],[14.1645,37.612],[14.135,37.6165],[14.1225,37.629],[14.1045,37.626],[14.078,37.644],[14.0545,37.6475],[14.025,37.632],[14.02,37.619],[14.0275,37.6025],[13.9565,37.5855],[13.9245,37.5965],[13.9305,37.6075],[13.9035,37.6155],[13.894,37.658],[13.8795,37.68],[13.8635,37.6895],[13.8315,37.6955],[13.814,37.7045],[13.818,37.728],[13.808,37.7415],[13.777,37.7225],[13.777,37.702],[13.7495,37.7035],[13.7325,37.683]]],[[[14.056,37.672],[14.0855,37.6765],[14.078,37.688],[14.089,37.7075],[14.066,37.721],[14.0435,37.726],[14.0295,37.7045],[14.0395,37.689],[14.0105,37.69],[14.006,37.672],[14.018,37.6575],[14.0335,37.6555],[14.056,37.672]]]]},"properties":{"prov_name":"Caltanissetta","prov_acr":"CL","reg_name":"Sicilia"}},
{"type":"Feature","geometry":{"type":"Polygon","coordinates":[[[14.3525,37.306],[14.385,37.2965],[14.399,37.2995],[14.4325,37.2925],[14.4555,37.31],[14.435,37.336],[14.4535,37.3365],[14.499,37.3085],[14.5215,37.3245],[14.494,37.3465],[14.539,37.364],[14.566,37.3605],[14.59,37.374],[14.5785,37.39],[14.581,37.4025],[14.615,37.4115],[14.633,37.4295],[14.588,37.45],[14.5535,37.4455],[14.5245,37.463],[14.517,37.477],[14.5225,37.493],[14.4985,37.5035],[14.5265,37.5185],[14.544,37.543],[14.5825,37.5495],[14.5945,37.5365],[14.6345,37.536],[14.6375,37.544],[14.6815,37.558],[14.7075,37.5495],[14.729,37.5305],[14.7445,37.5265],[14.764,37.5045],[14.7865,37.502],[14.7945,37.5155],[14.801,37.5555],[14.7905,37.56],[14.8085,37.581],[14.8255,37.587],[14.828,37.6085],[14.82,37.617],[14.8235,37.636],[14.7925,37.653],[14.792,37.673],[14.802,37.691],[14.7945,37.7105],[14.7475,37.686],[14.7245,37.6815],[14.7135,37.7055],[14.7215,37.7195],[14.7065,37.7315],[14.737,37.7535],[14.716,37.767],[14.724,37.7835],[14.7445,37.7895],[14.7425,37.818],[14.7035,37.812],[14.679,37.7955],[14.642,37.8075],[14.597,37.8105],[14.57,37.8325],[14.5525,37.8395],[14.5735,37.8615],[14.57,37.8795],[14.549,37.8755],[14.5405,37.865],[14.5045,37.85],[14.493,37.825],[14.4735,37.811],[14.454,37.817],[14.465,37.84],[14.4265,37.853],[14.4065,37.8665],[14.3905,37.8525],[14.3485,37.8475],[14.3275,37.837],[14.28,37.84],[14.265,37.832],[14.269,37.811],[14.261,37.7925],[14.2685,37.776],[14.291,37.764],[14.294,37.743],[14.2735,37.7205],[14.2685,37.7045],[14.2405,37.6955],[14.2165,37.6775],[14.2055,37.679],[14.1635,37.659],[14.1635,37.637],[14.135,37.6165],[14.1645,37.612],[14.1595,37.5855],[14.139,37.5815],[14.14,37.5525],[14.1265,37.518],[14.158,37.48],[14.142,37.4775],[14.0705,37.422],[14.072,37.406],[14.057,37.403],[14.078,37.38],[14.0815,37.3495],[14.11,37.335],[14.127,37.339],[14.167,37.324],[14.218,37.337],[14.229,37.3465],[14.265,37.342],[14.271,37.33],[14.317,37.327],[14.316,37.303],[14.3525,37.306]]]},"properties":{"prov_name":"Enna","prov_acr":"EN","reg_name":"Sicilia"}},
{"type":"Feature","geometry":{"type":"Polygon","coordinates":[[[15.091,37.3585],[15.0915,37.406],[15.0855,37.4805],[15.116,37.5315],[15.143,37.5435],[15.177,37.5765],[15.1745,37.632],[15.193,37.6465],[15.199,37.6765],[15.2185,37.7085],[15.205,37.7395],[15.2385,37.788],[15.258,37.807],[15.232,37.8305],[15.2095,37.86],[15.174,37.877],[15.15,37.896],[15.1325,37.8945],[15.111,37.906],[15.0715,37.904],[15.0495,37.895],[15.0105,37.8995],[14.98,37.893],[14.979,37.907],[14.9555,37.9115],[14.941,37.951],[14.93,37.9605],[14.893,37.946],[14.878,37.9325],[14.857,37.927],[14.8385,37.9505],[14.8285,37.935],[14.8015,37.953],[14.765,37.94],[14.7595,37.9],[14.738,37.9015],[14.738,37.8485],[14.7605,37.8685],[14.789,37.853],[14.8025,37.8165],[14.8005,37.8035],[14.773,37.8125],[14.762,37.823],[14.7425,37.818],[14.7445,37.7895],[14.724,37.7835],[14.716,37.767],[14.737,37.7535],[14.7065,37.7315],[14.7215,37.7195],[14.7135,37.7055],[14.7245,37.6815],[14.7475,37.686],[14.7945,37.7105],[14.802,37.691],[14.792,37.673],[14.7925,37.653],[14.8235,37.636],[14.82,37.617],[14.828,37.6085],[14.8255,37.587],[14.8085,37.581],[14.7905,37.56],[14.801,37.5555],[14.7945,37.5155],[14.7865,37.502],[14.764,37.5045],[14.7445,37.5265],[14.729,37.5305],[14.7075,37.5495],[14.6815,37.558],[14.6375,37.544],[14.6345,37.536],[14.5945,37.5365],[14.5825,37.5495],[14.544,37.543],[14.5265,37.5185],[14.4985,37.5035],[14.5225,37.493],[14.517,37.477],[14.5245,37.463],[14.5535,37.4455],[14.588,37.45],[14.633,37.4295],[14.615,37.4115],[14.581,37.4025],[14.5785,37.39],[14.59,37.374],[14.566,37.3605],[14.539,37.364],[14.494,37.3465],[14.5215,37.3245],[14.499,37.3085],[14.4535,37.3365],[14.435,37.336],[14.4555,37.31],[14.4325,37.2925],[14.399,37.2995],[14.385,37.2965],[14.3525,37.306],[14.3525,37.279],[14.3845,37.2825],[14.3835,37.2575],[14.3755,37.206],[14.402,37.1775],[14.432,37.183],[14.447,37.1735],[14.475,37.137],[14.468,37.117],[14.452,37.0965],[14.4285,37.0915],[14.444,37.066],[14.444,37.053],[14.4705,37.0505],[14.5205,37.0715],[14.5435,37.0565],[14.5635,37.0515],[14.6105,37.0865],[14.6415,37.0855],[14.6605,37.1065],[14.6765,37.101],[14.7065,37.1255],[14.729,37.1175],[14.725,37.102],[14.7575,37.0955],[14.789,37.109],[14.7745,37.1315],[14.794,37.132],[14.809,37.126],[14.844,37.1305],[14.8465,37.145],[14.8345,37.1625],[14.871,37.189],[14.8715,37.204],[14.8275,37.196],[14.8205,37.2075],[14.7735,37.222],[14.7905,37.2425],[14.811,37.2565],[14.8465,37.2595],[14.856,37.2795],[14.883,37.2865],[14.892,37.311],[14.8435,37.3245],[14.8045,37.3155],[14.7785,37.33],[14.8085,37.3495],[14.8385,37.358],[14.843,37.379],[14.878,37.3895],[14.8925,37.4105],[14.922,37.4125],[14.9435,37.4045],[14.9565,37.3865],[14.9815,37.374],[15.0325,37.3715],[15.046,37.363],[15.091,37.3585]]]},"properties":{"prov_name":"Catania","prov_acr":"CT","reg_name":"Sicilia"}},
{"type":"Feature","geometry":{"type":"Polygon","coordinates":[[[14.338,37.0015],[14.383,36.956],[14.436,36.885],[14.4595,36.827],[14.4935,36.7865],[14.5165,36.7875],[14.5315,36.7805],[14.556,36.7825],[14.5875,36.777],[14.639,36.761],[14.6705,36.7425],[14.69,36.721],[14.7435,36.7205],[14.7575,36.7105],[14.783,36.7035],[14.811,36.7155],[14.862,36.73],[14.8945,36.7295],[14.9185,36.72],[14.9565,36.694],[14.9725,36.6925],[15.0005,36.703],[14.9975,36.7315],[14.9875,36.748],[14.9885,36.7765],[14.9535,36.8035],[14.9235,36.814],[14.9035,36.813],[14.8905,36.824],[14.8645,36.8205],[14.8545,36.8275],[14.869,36.869],[14.886,36.868],[14.9225,36.8485],[14.9385,36.8635],[14.911,36.8875],[14.8835,36.9],[14.8775,36.9145],[14.897,36.9255],[14.854,36.9455],[14.841,36.945],[14.837,36.9745],[14.856,36.9755],[14.859,36.959],[14.8905,36.9315],[14.9135,36.9165],[14.93,36.9195],[14.889,36.961],[14.887,36.9885],[14.8565,37.023],[14.818,37.0605],[14.8165,37.109],[14.7945,37.116],[14.794,37.132],[14.7745,37.1315],[14.789,37.109],[14.7575,37.0955],[14.725,37.102],[14.729,37.1175],[14.7065,37.1255],[14.6765,37.101],[14.6605,37.1065],[14.6415,37.0855],[14.6105,37.0865],[14.5635,37.0515],[14.5435,37.0565],[14.5205,37.0715],[14.4705,37.0505],[14.444,37.053],[14.414,37.0305],[14.3905,37.025],[14.3665,37.0065],[14.338,37.0015]]]},"properties":{"prov_name":"Ragusa","prov_acr":"RG","reg_name":"Sicilia"}},
{"type":"Feature","geometry":{"type":"Polygon","coordinates":[[[15.0005,36.703],[15.027,36.6985],[15.0515,36.678],[15.0565,36.662],[15.0815,36.649],[15.1125,36.673],[15.1325,36.6675],[15.14,36.685],[15.126,36.6985],[15.1215,36.7315],[15.095,36.7765],[15.094,36.7995],[15.11,36.817],[15.105,36.834],[15.111,36.8485],[15.137,36.88],[15.1535,36.9145],[15.168,36.922],[15.1865,36.9455],[15.23,36.9705],[15.259,36.9735],[15.268,37.0025],[15.304,37.0145],[15.315,37.0035],[15.3365,37.0075],[15.315,37.037],[15.3035,37.043],[15.2795,37.035],[15.271,37.0515],[15.278,37.0655],[15.3015,37.08],[15.2955,37.1065],[15.263,37.106],[15.2375,37.1165],[15.2205,37.1295],[15.2205,37.1445],[15.2005,37.1615],[15.2015,37.178],[15.187,37.191],[15.183,37.209],[15.2065,37.245],[15.2345,37.2415],[15.241,37.2605],[15.2235,37.271],[15.209,37.291],[15.195,37.2825],[15.1715,37.2935],[15.1615,37.2895],[15.1395,37.307],[15.1115,37.3115],[15.098,37.321],[15.091,37.3585],[15.046,37.363],[15.0325,37.3715],[14.9815,37.374],[14.9565,37.3865],[14.9435,37.4045],[14.922,37.4125],[14.8925,37.4105],[14.878,37.3895],[14.843,37.379],[14.8385,37.358],[14.8085,37.3495],[14.7785,37.33],[14.8045,37.3155],[14.8435,37.3245],[14.892,37.311],[14.883,37.2865],[14.856,37.2795],[14.8465,37.2595],[14.811,37.2565],[14.7905,37.2425],[14.7735,37.222],[14.8205,37.2075],[14.8275,37.196],[14.8715,37.204],[14.871,37.189],[14.8345,37.1625],[14.8465,37.145],[14.844,37.1305],[14.809,37.126],[14.794,37.132],[14.7945,37.116],[14.8165,37.109],[14.818,37.0605],[14.8565,37.023],[14.887,36.9885],[14.889,36.961],[14.93,36.9195],[14.9135,36.9165],[14.8905,36.9315],[14.859,36.959],[14.856,36.9755],[14.837,36.9745],[14.841,36.945],[14.854,36.9455],[14.897,36.9255],[14.8775,36.9145],[14.8835,36.9],[14.911,36.8875],[14.9385,36.8635],[14.9225,36.8485],[14.886,36.868],[14.869,36.869],[14.8545,36.8275],[14.8645,36.8205],[14.8905,36.824],[14.9035,36.813],[14.9235,36.814],[14.9535,36.8035],[14.9885,36.7765],[14.9875,36.748],[14.9975,36.7315],[15.0005,36.703]]]},"properties":{"prov_name":"Siracusa","prov_acr":"SR","reg_name":"Sicilia"}},
{"type":"Feature","geometry":{"type":"MultiPolygon","coordinates":[[[[8.62,40.319],[8.6395,40.3],[8.678,40.3135],[8.688,40.3275],[8.7265,40.342],[8.7375,40.3535],[8.773,40.351],[8.812,40.3645],[8.817,40.393],[8.827,40.413],[8.8525,40.4075],[8.855,40.3935],[8.878,40.393],[8.8915,40.403],[8.911,40.3815],[8.949,40.368],[8.991,40.3235],[9.021,40.301],[9.0435,40.314],[9.042,40.3265],[9.077,40.3385],[9.122,40.359],[9.17,40.3725],[9.205,40.404],[9.2255,40.4105],[9.228,40.429],[9.251,40.4665],[9.277,40.47],[9.284,40.4815],[9.279,40.511],[9.2635,40.512],[9.227,40.5015],[9.1825,40.5085],[9.1885,40.536],[9.238,40.5395],[9.2865,40.526],[9.2975,40.537],[9.335,40.552],[9.351,40.565],[9.372,40.5715],[9.3935,40.592],[9.379,40.611],[9.4145,40.634],[9.417,40.6545],[9.4375,40.6595],[9.4675,40.6555],[9.4875,40.645],[9.5395,40.6645],[9.5635,40.68],[9.583,40.706],[9.603,40.697],[9.624,40.699],[9.6515,40.6925],[9.671,40.6665],[9.692,40.679],[9.737,40.672],[9.749,40.6605],[9.746,40.687],[9.715,40.71],[9.715,40.753],[9.6865,40.7665],[9.6725,40.783],[9.681,40.8265],[9.6935,40.8465],[9.685,40.8595],[9.6675,40.853],[9.6525,40.8615],[9.6565,40.875],[9.616,40.8895],[9.645,40.9175],[9.6135,40.92],[9.592,40.901],[9.5765,40.9035],[9.5635,40.919],[9.5065,40.9115],[9.5025,40.9275],[9.524,40.9335],[9.539,40.926],[9.575,40.928],[9.5685,40.943],[9.594,40.9685],[9.5855,40.988],[9.6215,41.006],[9.5965,41.021],[9.577,41.003],[9.551,41.0065],[9.563,41.025],[9.561,41.0375],[9.5265,41.029],[9.5235,41.0535],[9.5405,41.09],[9.5515,41.0795],[9.5705,41.1005],[9.567,41.116],[9.546,41.1315],[9.526,41.157],[9.51,41.1405],[9.4855,41.1465],[9.47,41.142],[9.4715,41.126],[9.4405,41.1035],[9.442,41.131],[9.429,41.146],[9.422,41.1665],[9.4065,41.1765],[9.3705,41.183],[9.3635,41.2075],[9.338,41.2045],[9.3105,41.191],[9.2805,41.228],[9.2595,41.242],[9.236,41.2465],[9.225,41.259],[9.1695,41.2415],[9.154,41.197],[9.1675,41.168],[9.1525,41.1555],[9.119,41.152],[9.11,41.135],[9.086,41.128],[9.058,41.128],[9.0415,41.1375],[9.0135,41.1255],[8.976,41.084],[8.929,41.0435],[8.8925,41.028],[8.88,41.0285],[8.873,40.9955],[8.8365,40.957],[8.79,40.922],[8.7685,40.916],[8.7035,40.916],[8.6705,40.8975],[8.6325,40.8815],[8.6255,40.865],[8.6075,40.851],[8.5715,40.835],[8.54,40.8265],[8.4865,40.82],[8.4495,40.8215],[8.4135,40.839],[8.3685,40.838],[8.3155,40.8445],[8.29,40.858],[8.249,40.8915],[8.236,40.917],[8.2265,40.953],[8.1985,40.969],[8.1775,40.939],[8.1925,40.913],[8.2195,40.9],[8.2185,40.8685],[8.176,40.801],[8.16,40.791],[8.166,40.7655],[8.135,40.7375],[8.169,40.709],[8.175,40.6945],[8.203,40.6885],[8.1895,40.6575],[8.1865,40.639],[8.1465,40.626],[8.151,40.5795],[8.1615,40.5775],[8.1815,40.598],[8.189,40.616],[8.21,40.615],[8.217,40.594],[8.198,40.571],[8.244,40.57],[8.2455,40.581],[8.287,40.595],[8.307,40.5855],[8.318,40.5715],[8.313,40.56],[8.339,40.509],[8.374,40.491],[8.3865,40.453],[8.398,40.43],[8.4,40.4075],[8.422,40.3945],[8.4435,40.3955],[8.458,40.4065],[8.4775,40.408],[8.4885,40.4215],[8.514,40.4215],[8.5265,40.4005],[8.54,40.4025],[8.562,40.3825],[8.565,40.369],[8.5875,40.3535],[8.591,40.333],[8.62,40.319]]],[[[9.4715,41.2455],[9.4605,41.235],[9.445,41.203],[9.465,41.1895],[9.479,41.1995],[9.4815,41.236],[9.4715,41.2455]]],[[[9.344,41.251],[9.333,41.2355],[9.3455,41.229],[9.36,41.244],[9.344,41.251]]],[[[9.4315,41.259],[9.378,41.2345],[9.3815,41.2105],[9.4165,41.217],[9.437,41.2135],[9.4385,41.2355],[9.4315,41.259]]],[[[9.734,40.9225],[9.6735,40.892],[9.693,40.888],[9.743,40.9125],[9.734,40.9225]]],[[[8.3255,41.1055],[8.276,41.105],[8.2855,41.0765],[8.2665,41.073],[8.2445,41.047],[8.2235,41.0435],[8.2085,40.99],[8.256,40.985],[8.2635,41.0025],[8.249,41.0175],[8.251,41.0335],[8.2835,41.0645],[8.322,41.056],[8.3405,41.0715],[8.3445,41.0975],[8.3255,41.1055]]]]},"properties":{"prov_name":"Sassari","prov_acr":"SS","reg_name":"Sardegna"}},
{"type":"Feature","geometry":{"type":"Polygon","coordinates":[[[9.1655,39.8325],[9.1985,39.826],[9.1975,39.8465],[9.1855,39.8495],[9.1895,39.8815],[9.213,39.9145],[9.232,39.9105],[9.2535,39.9185],[9.3665,39.905],[9.3855,39.916],[9.417,39.8835],[9.406,39.8655],[9.406,39.8495],[9.3705,39.841],[9.3775,39.822],[9.363,39.8015],[9.4045,39.7645],[9.4025,39.743],[9.3855,39.7245],[9.403,39.695],[9.398,39.6535],[9.4195,39.6265],[9.4385,39.6415],[9.4675,39.636],[9.4855,39.617],[9.505,39.6215],[9.5235,39.5885],[9.5365,39.5885],[9.5565,39.5735],[9.5935,39.574],[9.6515,39.549],[9.6565,39.606],[9.647,39.6515],[9.664,39.6825],[9.6595,39.692],[9.676,39.711],[9.6745,39.7515],[9.6685,39.7765],[9.674,39.809],[9.6855,39.842],[9.6965,39.8535],[9.6825,39.8715],[9.683,39.9055],[9.6935,39.9195],[9.716,39.9285],[9.687,39.9485],[9.6865,39.984],[9.7,40.0005],[9.7055,40.0335],[9.7205,40.049],[9.7355,40.079],[9.729,40.091],[9.7005,40.102],[9.6615,40.139],[9.644,40.1735],[9.634,40.18],[9.6255,40.208],[9.623,40.245],[9.632,40.277],[9.6655,40.32],[9.7175,40.3665],[9.7415,40.3815],[9.754,40.381],[9.773,40.407],[9.774,40.422],[9.7925,40.443],[9.82,40.496],[9.827,40.5275],[9.799,40.5425],[9.7885,40.573],[9.752,40.601],[9.743,40.626],[9.749,40.6605],[9.737,40.672],[9.692,40.679],[9.671,40.6665],[9.6515,40.6925],[9.624,40.699],[9.603,40.697],[9.583,40.706],[9.5635,40.68],[9.5395,40.6645],[9.4875,40.645],[9.4675,40.6555],[9.4375,40.6595],[9.417,40.6545],[9.4145,40.634],[9.379,40.611],[9.3935,40.592],[9.372,40.5715],[9.351,40.565],[9.335,40.552],[9.2975,40.537],[9.2865,40.526],[9.238,40.5395],[9.1885,40.536],[9.1825,40.5085],[9.227,40.5015],[9.2635,40.512],[9.279,40.511],[9.284,40.4815],[9.277,40.47],[9.251,40.4665],[9.228,40.429],[9.2255,40.4105],[9.205,40.404],[9.17,40.3725],[9.122,40.359],[9.077,40.3385],[9.042,40.3265],[9.0435,40.314],[9.021,40.301],[8.991,40.3235],[8.949,40.368],[8.911,40.3815],[8.8915,40.403],[8.878,40.393],[8.855,40.3935],[8.8525,40.4075],[8.827,40.413],[8.817,40.393],[8.812,40.3645],[8.773,40.351],[8.7375,40.3535],[8.7265,40.342],[8.688,40.3275],[8.678,40.3135],[8.6395,40.3],[8.62,40.319],[8.611,40.308],[8.6165,40.273],[8.6675,40.2495],[8.673,40.209],[8.7095,40.214],[8.718,40.2055],[8.796,40.1915],[8.8545,40.2105],[8.8795,40.208],[8.9575,40.212],[8.982,40.2185],[9.0175,40.194],[9,40.1835],[9.019,40.155],[9.01,40.1365],[9.035,40.096],[9.041,40.0555],[9.0265,40.0375],[8.9985,40.0565],[8.965,40.043],[8.9455,40.013],[8.962,39.9905],[9.018,39.9805],[8.9955,39.96],[8.986,39.9195],[9.039,39.912],[9.0935,39.8825],[9.129,39.8885],[9.1705,39.849],[9.1655,39.8325]]]},"properties":{"prov_name":"Nuoro","prov_acr":"NU","reg_name":"Sardegna"}},
{"type":"Feature","geometry":{"type":"Polygon","coordinates":[[[9.4425,39.127],[9.45,39.1415],[9.474,39.161],[9.477,39.186],[9.4865,39.207],[9.4465,39.268],[9.4425,39.2945],[9.398,39.318],[9.3745,39.312],[9.3605,39.3195],[9.3315,39.35],[9.3705,39.396],[9.3685,39.4235],[9.296,39.4105],[9.281,39.413],[9.2685,39.378],[9.243,39.3485],[9.213,39.335],[9.185,39.3285],[9.1165,39.337],[9.0935,39.352],[9.077,39.3525],[9.0545,39.3375],[9.006,39.327],[8.973,39.3445],[8.94,39.325],[8.9425,39.304],[8.9085,39.2895],[8.8645,39.2775],[8.8525,39.251],[8.8605,39.231],[8.8545,39.2135],[8.855,39.18],[8.8265,39.1485],[8.822,39.1185],[8.842,39.107],[8.853,39.0845],[8.832,39.0475],[8.884,38.982],[8.91,38.957],[8.9035,38.924],[8.9105,38.9155],[8.9675,38.9565],[8.996,38.9855],[9.012,38.987],[9.024,39.004],[9.0245,39.02],[9.046,39.056],[9.0165,39.0875],[9.009,39.1215],[9.019,39.149],[9.061,39.1935],[9.096,39.214],[9.1235,39.206],[9.146,39.184],[9.165,39.2045],[9.192,39.221],[9.23,39.228],[9.2475,39.2165],[9.2975,39.2135],[9.3385,39.1935],[9.346,39.181],[9.371,39.174],[9.395,39.1545],[9.392,39.1445],[9.4425,39.127]]]},"properties":{"prov_name":"Cagliari","prov_acr":"CA","reg_name":"Sardegna"}},
{"type":"Feature","geometry":{"type":"Polygon","coordinates":[[[9.1655,39.8325],[9.1705,39.849],[9.129,39.8885],[9.0935,39.8825],[9.039,39.912],[8.986,39.9195],[8.9955,39.96],[9.018,39.9805],[8.962,39.9905],[8.9455,40.013],[8.965,40.043],[8.9985,40.0565],[9.0265,40.0375],[9.041,40.0555],[9.035,40.096],[9.01,40.1365],[9.019,40.155],[9,40.1835],[9.0175,40.194],[8.982,40.2185],[8.9575,40.212],[8.8795,40.208],[8.8545,40.2105],[8.796,40.1915],[8.718,40.2055],[8.7095,40.214],[8.673,40.209],[8.6675,40.2495],[8.6165,40.273],[8.611,40.308],[8.62,40.319],[8.591,40.333],[8.5875,40.3535],[8.565,40.369],[8.562,40.3825],[8.54,40.4025],[8.5265,40.4005],[8.514,40.4215],[8.4885,40.4215],[8.4775,40.408],[8.458,40.4065],[8.4435,40.3955],[8.422,40.3945],[8.4,40.4075],[8.389,40.366],[8.379,40.36],[8.3905,40.3375],[8.42,40.337],[8.4435,40.3185],[8.464,40.3155],[8.4645,40.3005],[8.483,40.2855],[8.473,40.2425],[8.462,40.214],[8.4675,40.1995],[8.456,40.1765],[8.46,40.1505],[8.485,40.118],[8.489,40.0795],[8.4535,40.051],[8.4215,40.0425],[8.386,40.044],[8.3785,40.029],[8.4065,40.029],[8.414,40.018],[8.409,39.996],[8.3925,39.979],[8.402,39.945],[8.399,39.9035],[8.431,39.888],[8.4385,39.8755],[8.468,39.904],[8.507,39.908],[8.5315,39.8975],[8.5445,39.8845],[8.555,39.839],[8.5455,39.795],[8.531,39.7695],[8.513,39.7535],[8.521,39.746],[8.5045,39.7295],[8.502,39.713],[8.5215,39.693],[8.5475,39.6955],[8.5715,39.6845],[8.608,39.69],[8.63,39.6535],[8.6615,39.6415],[8.6705,39.632],[8.6965,39.6455],[8.73,39.639],[8.743,39.627],[8.775,39.641],[8.784,39.654],[8.8305,39.6665],[8.862,39.668],[8.865,39.6825],[8.913,39.7215],[8.9015,39.733],[8.9245,39.7585],[8.893,39.773],[8.889,39.7945],[8.938,39.7905],[8.951,39.779],[8.9745,39.8025],[8.9865,39.8255],[9.0085,39.8285],[9.042,39.803],[9.0765,39.817],[9.1015,39.8325],[9.1135,39.8495],[9.1275,39.8395],[9.1465,39.846],[9.1655,39.8325]]]},"properties":{"prov_name":"Oristano","prov_acr":"OR","reg_name":"Sardegna"}},
{"type":"Feature","geometry":{"type":"MultiPolygon","coordinates":[[[[8.502,39.713],[8.4585,39.7695],[8.444,39.758],[8.4475,39.715],[8.4555,39.711],[8.4445,39.6785],[8.459,39.6675],[8.4495,39.634],[8.471,39.6015],[8.451,39.5455],[8.404,39.4865],[8.3875,39.476],[8.3835,39.4575],[8.411,39.441],[8.4105,39.418],[8.386,39.3935],[8.376,39.369],[8.3855,39.3655],[8.3965,39.3375],[8.416,39.336],[8.437,39.292],[8.4255,39.2695],[8.3665,39.228],[8.372,39.2095],[8.3965,39.1995],[8.407,39.1585],[8.4185,39.171],[8.437,39.156],[8.4335,39.13],[8.4425,39.1165],[8.461,39.121],[8.4885,39.0845],[8.4645,39.058],[8.4565,39.0835],[8.4315,39.096],[8.4255,39.109],[8.3865,39.099],[8.373,39.112],[8.351,39.097],[8.358,39.085],[8.3605,39.0375],[8.389,38.992],[8.403,38.9625],[8.4305,38.96],[8.445,38.97],[8.4515,38.9895],[8.4525,39.0245],[8.4685,39.049],[8.466,39.057],[8.4985,39.0635],[8.527,39.059],[8.544,39.0465],[8.565,39.0455],[8.575,39.017],[8.565,39],[8.589,38.9645],[8.6125,38.958],[8.6235,38.9375],[8.6065,38.893],[8.6495,38.895],[8.7145,38.925],[8.72,38.9365],[8.762,38.917],[8.7805,38.913],[8.794,38.8945],[8.8195,38.8945],[8.8325,38.8775],[8.8545,38.8785],[8.903,38.905],[8.9105,38.9155],[8.9035,38.924],[8.91,38.957],[8.884,38.982],[8.832,39.0475],[8.853,39.0845],[8.842,39.107],[8.822,39.1185],[8.8265,39.1485],[8.855,39.18],[8.8545,39.2135],[8.8605,39.231],[8.8525,39.251],[8.8645,39.2775],[8.9085,39.2895],[8.9425,39.304],[8.94,39.325],[8.973,39.3445],[9.006,39.327],[9.0545,39.3375],[9.077,39.3525],[9.0935,39.352],[9.1165,39.337],[9.185,39.3285],[9.213,39.335],[9.243,39.3485],[9.2685,39.378],[9.281,39.413],[9.296,39.4105],[9.3685,39.4235],[9.3705,39.396],[9.3315,39.35],[9.3605,39.3195],[9.3745,39.312],[9.398,39.318],[9.4425,39.2945],[9.4465,39.268],[9.4865,39.207],[9.477,39.186],[9.474,39.161],[9.45,39.1415],[9.4425,39.127],[9.4845,39.1355],[9.5025,39.1315],[9.519,39.1135],[9.539,39.133],[9.564,39.1415],[9.57,39.17],[9.5645,39.189],[9.57,39.2395],[9.591,39.2785],[9.6285,39.3065],[9.605,39.318],[9.5975,39.346],[9.608,39.3885],[9.646,39.4615],[9.6325,39.497],[9.639,39.5395],[9.6515,39.549],[9.5935,39.574],[9.5565,39.5735],[9.5365,39.5885],[9.5235,39.5885],[9.505,39.6215],[9.4855,39.617],[9.4675,39.636],[9.4385,39.6415],[9.4195,39.6265],[9.398,39.6535],[9.403,39.695],[9.3855,39.7245],[9.4025,39.743],[9.4045,39.7645],[9.363,39.8015],[9.3775,39.822],[9.3705,39.841],[9.406,39.8495],[9.406,39.8655],[9.417,39.8835],[9.3855,39.916],[9.3665,39.905],[9.2535,39.9185],[9.232,39.9105],[9.213,39.9145],[9.1895,39.8815],[9.1855,39.8495],[9.1975,39.8465],[9.1985,39.826],[9.1655,39.8325],[9.1465,39.846],[9.1275,39.8395],[9.1135,39.8495],[9.1015,39.8325],[9.0765,39.817],[9.042,39.803],[9.0085,39.8285],[8.9865,39.8255],[8.9745,39.8025],[8.951,39.779],[8.938,39.7905],[8.889,39.7945],[8.893,39.773],[8.9245,39.7585],[8.9015,39.733],[8.913,39.7215],[8.865,39.6825],[8.862,39.668],[8.8305,39.6665],[8.784,39.654],[8.775,39.641],[8.743,39.627],[8.73,39.639],[8.6965,39.6455],[8.6705,39.632],[8.6615,39.6415],[8.63,39.6535],[8.608,39.69],[8.5715,39.6845],[8.5475,39.6955],[8.5215,39.693],[8.502,39.713]]],[[[8.308,39.18],[8.2715,39.18],[8.2565,39.169],[8.2305,39.1645],[8.2195,39.148],[8.2505,39.1335],[8.248,39.1085],[8.2815,39.096],[8.305,39.102],[8.31,39.113],[8.308,39.18]]]]},"properties":{"prov_name":"Sud Sardegna","prov_acr":"SU","reg_name":"Sardegna"}}
]}